Language	Counts
en	😭:3820,😂:3762,🔥:3362,❤️:2987,🔹:1822,🤣:1763,✅:1373,😍:1239,✨:1207,📌:1080,🚨:1032,👀:980,🥺:979,🥰:972,🎉:927,💙:895,👇:881,🔔:879,🌷:876,🙏:867,🌝:789,🐋:773,🥹:732,🎁:712,🏆:690,💜:673,💯:670,💕:635,🚀:625,💀:611,🤍:603,🦄:533,👉:528,💚:522,‼️:503,😊:499,🤔:499,😈:496,♥️:485,💥:483,🥳:482,👍:468,🤩:462,💖:461,1️⃣:453,😅:451,⚡:446,💦:440,🖤:427,😎:422,😘:407,😁:403,🤝:396,😩:393,❤:386,📸:373,💗:367,😉:364,😳:361,💎:351,💰:349,👏:342,🙄:341,⏰:341,2️⃣:337,⚠️:332,🔗:328,1⃣:326,💛:321,🙌:319,🇺🇸:319,➡️:318,💔:312,💪:305,⭐:301,📢:297,🥵:296,👑:293,🥲:279,🤭:279,🔴:273,🇪🇹:267,😌:267,😏:267,❤️‍🔥:259,🦋:243,💫:239,😆:237,😔:233,🫶:233,⬇️:231,🎶:228,🌻:226,🤗:226,😋:223,📍:221,☺️:219,🧡:217,🤡:212,🤑:210,🥴:204,🍆:200,☀️:199,3️⃣:193,🤤:193,🤯:190,💵:189,🧵:187,🙈:187,👌:187,🏈:183,🌸:183,🌹:183,🫶🏻:181,2⃣:180,🌟:179,💸:177,🙂:174,😱:173,💞:170,🐶:169,😜:169,🍀:168,🔊:168,😤:166,🎂:164,🎥:163,💋:160,⏳:158,🥂:152,📊:152,👇🏻:146,🍑:145,❗:144,🙏🏻:144,🐿:143,👋:143,💓:142,🫠:141,🤪:139,😀:138,3⃣:137,😃:137,🐰:137,🫡:137,🇪🇷:134,🫣:133,👊:133,🫶🏼:132,🥇:131,⚽:131,🕊:130,☕:129,🔞:128,🟩:128,🎟️:128,🎊:126,📺:124,🔵:124,📩:124,😬:122,😒:121,🗣:120,😇:119,📣:119,❣️:118,📈:117,💐:116,▶️:116,💪🏽:115,😄:114,🔁:113,😮‍💨:113,🇮🇳:112,✌️:112,🙃:110,💌:110,😢:107,🌴:107,🌿:104,👈:103,♻️:102,🟢:102,📅:101,🎵:101,💃:101,🫂:100,💬:100,🐐:100,🫶🏽:100,⚔️:100,🐾:99,🌙:99,😵‍💫:97,🤨:97,🌈:96,🙏🏾:96,🇧🇷:94,🙏🏽:94,🌎:93,🌊:93,😫:92,😞:92,💘:91,🍎:91,🦊:91,😹:91,😡:90,🌍:90,🇬🇧:89,☹️:89,😻:88,🎯:88,🙏🏼:87,☠️:87,🐱:87,🤧:86,🎬:85,🌼:83,🌞:80,👅:80,🐹:79,🍁:78,🤞:78,💨:78,💩:78,🍂:77,🧐:77,😐:77,👻:76,👍🏻:75,💭:75,🎃:75,😯:75,✈️:73,✔️:73,🔸:73,🍒:72,🤬:72,🤫:72,💝:72,🎨:71,📲:69,🤷‍♂️:68,☑️:68,😴:67,❌:66,🕯:66,😑:66,📷:65,☄️:65,🌺:65,🎟:65,🚧:65,🤖:65,🎮:64,👹:63,🍃:63,🐳:63,🐺:62,🗣️:62,📆:61,👏🏻:61,🤦‍♂️:61,™:61,🎀:60,🌐:60,⤵️:60,✋:60,🤎:60,♥:60,🇫🇷:59,🍉:59,📚:59,🐧:58,🫶🏾:58,😝:58,🇺🇦:58,⛔:58,😽:58,🗓:58,🦦:58,🍻:58,😕:58,⚪:58,🥶:57,😛:57,👉🏻:57,📝:57,🤮:57,🤘:57,🦅:56,🍿:56,🇵🇰:56,😪:55,🦁:55,🤲:55,🗳️:54,😚:54,✍️:54,🛒:53,🌱:53,🐻:53,🤓:53,🔄:52,🌕:52,🍇:52,👇🏼:52,✊:52,🎈:51,🙋‍♂️:51,👥:51,🤙:51,🆚:50,🌬:49,🥈:49,🤌:49,🌚:49,👁:49,0️⃣:49,👟:49,⬜:48,🍾:48,🤢:48,💧:48,🍌:47,🎙️:47,🍊:47,💪🏾:46,😮:46,🇮🇹:46,🟨:45,🎙:45,❤️‍🩹:44,🥏:44,❄️:44,🔒:44,🐝:44,👁️:44,🦍:44,🔖:44,🐵:43,🐯:42,📱:42,🖕:42,🥀:42,🌥:42,🕺:41,🥉:41,🫢:41,🤟:41,♦️:41,🐈:40,🆕:40,🤠:40,🔮:40,💠:40,💪🏻:40,🙌🏾:40,©:39,🌠:39,⬛:39,🏀:39,😲:39,✌:39,😓:39,🇨🇦:39,💟:39,😼:38,🐥:38,▶:38,📜:37,⚾:37,🤷‍♀️:37,🇯🇵:37,🕊️:37,🎧:37,🤷🏾‍♂️:37,👍🏼:37,🥱:37,🏴‍☠️:37,🎞:36,🙏🏿:36,🧘:36,📼:36,🍷:36,🇺🇲:36,🎸:36,🍺:35,⏱:35,🧿:35,🙌🏻:35,🐕:35,🗓️:35,🌀:35,🌅:35,🙌🏽:35,🏟️:35,🍄:35,🧤:34,🌏:34,🇷🇺:34,📖:34,❓:34,🚩:34,🐨:34,💣:34,🩸:34,❣:34,⁉️:34,©️:34,🐸:33,💪🏼:33,🐈‍⬛:33,🆘:33,🤦‍♀️:33,🦾:33,➕:33,💹:32,🪐:32,™️:32,🍭:32,⚓:32,💻:32,🏠:32,♠️:32,🎤:31,🏴󠁧󠁢󠁥󠁮󠁧󠁿:31,☁️:31,☝️:31,👛:31,🛸:31,🐷:31,💡:30,▪️:30,🤷🏻‍♀️:30,👇🏽:30,👆:30,👄:30,🐍:30,☘️:30,🎄:30,🕯️:30,⚜️:29,🪄:29,🎫:29,👏🏾:29,❇️:29,🏷️:29,👎:29,😥:29,6️⃣:29,4️⃣:29,⭕:29,🧸:28,🤷:28,🇳🇬:28,🌳:28,🌵:28,⚫:28,🌶:28,🗳:28,🏁:28,🪙:28,🗑:28,🔑:28,🏷:27,😖:27,🐉:27,📰:27,💿:27,🤐:27,🙊:27,🌃:27,🇳🇱:27,▫️:27,🤦🏻‍♂️:27,🔜:27,👤:26,🚫:26,🦉:26,📉:26,⌛:26,❕:26,🦇:26,🏝:26,📡:26,🤏:26,🙌🏼:26,✌🏼:25,👌🏻:25,🦆:25,👊🏼:25,🏡:25,🍰:25,🕷:25,📽:25,⏱️:25,🥁:25,💢:25,🕒:25,🤷🏽‍♂️:25,🤝🏾:25,8️⃣:25,🤞🏽:25,🍹:25,🐴:24,🤦:24,🛝:24,🙁:24,🤦🏻‍♀️:24,🧊:24,😣:24,📹:24,🏅:24,🗽:24,📻:24,🦏:24,🏴󠁧󠁢󠁳󠁣󠁴󠁿:24,🌌:24,🫦:24,⬅️:24,🔪:24,😟:24,👚:24,🤷🏽‍♀️:24,🦈:24,🔰:24,🐘:23,⌚:23,🤦🏽‍♂️:23,🐲:23,😺:23,🍔:23,🔃:23,🦖:23,🤦🏽‍♀️:23,🗿:22,🫧:22,🏳️‍🌈:22,🧩:22,5️⃣:22,🍓:22,🤞🏾:22,🐢:22,🟡:22,🍏:22,🧨:22,😙:22,👏🏽:22,⬆️:22,🤞🏻:21,😠:21,🎼:21,👠:21,🍋:21,🍼:21,🇦🇺:21,🔺:21,☎️:21,⛱️:21,🔝:21,🐚:21,👽:20,✝️:20,🪘:20,🥃:20,🌽:20,◾:20,🖼:20,🍐:20,🏟:20,🤷🏻‍♂️:20,⏲️:20,👿:20,🙋🏻‍♀️:20,🇦🇷:20,💅:20,📞:20,😗:20,✖️:20,🃏:20,♣️:20,🏹:20,🇲🇽:20,⏩:20,🧬:19,👇🏾:19,💍:19,🤦🏾‍♀️:19,🥊:19,🤘🏻:19,🎢:19,🗝️:19,✌🏻:19,😷:19,🇬🇭:19,🛎:19,⚖️:19,🤲🏾:19,🧹:19,👺:19,🐩:19,🥸:19,💤:19,🐎:18,🇰🇷:18,😵:18,🇩🇪:18,🐟:18,💉:18,👏🏼:18,🟠:18,📽️:18,🔫:18,🇮🇪:18,🎲:18,🐠:18,🍕:18,🦙:17,🍫:17,⛩️:17,🪩:17,🐡:17,☮️:17,🛑:17,🐙:17,🚑:17,🐑:17,🛐:17,🤦🏾‍♂️:17,😸:17,✌🏾:17,🤴:17,☺:17,👣:17,🎇:17,🥛:17,🇬🇷:17,🥕:17,👍🏽:17,🐀:16,🟣:16,®:16,ℹ️:16,🎓:16,🥪:16,🐦:16,‼:16,🧢:16,🕑:16,🚒:16,🛻:16,➡:16,🔻:16,💃🏾:16,🐣:16,🤌🏾:16,🗡:16,🧪:16,🐜:16,4⃣:16,🫤:16,7️⃣:16,🍯:16,😰:16,🚮:15,👉🏽:15,⛽:15,🌄:15,🟦:15,🛼:15,🪴:15,🛍:15,🦔:15,🚗:15,🛠️:15,🇹🇷:15,🏦:15,👊🏻:15,💳:15,💼:15,🧁:15,🔆:15,🔎:15,☀:15,💽:15,🥜:15,🤌🏻:15,🔱:15,🐊:15,🐇:15,🇻🇪:15,😨:15,🇪🇸:15,🇵🇹:15,🔽:15,🧠:14,🥟:14,🔓:14,🧾:14,🤏🏻:14,🍪:14,🇨🇳:14,🪨:14,♾️:14,🌲:14,🍟:14,🛡:14,🚁:14,🇿🇦:14,👕:14,🔍:14,😶:14,🏖:14,9️⃣:14,🙆‍♀️:14,🎭:14,🎆:14,🎩:14,🧀:14,📥:14,🖇:14,🐬:14,🙋‍♀️:14,🟥:13,🥷:13,✊🏾:13,🇪🇺:13,🧭:13,🪶:13,🏒:13,🐼:13,🇦🇪:13,🍦:13,🌾:13,🌛:13,👾:13,🏖️:13,👙:13,🕰:13,🤷🏾‍♀️:13,👉🏾:13,🇮🇱:13,🚶:13,🍨:13,🛟:13,🦎:12,🍩:12,🇰🇪:12,🤦🏼‍♀️:12,✂️:12,🗞:12,✔:12,🎾:12,🌤:12,👌🏼:12,🔙:12,👸:12,💄:12,🇧🇪:12,🖇️:12,💅🏻:12,⚗️:12,🦌:12,🌇:12,🐔:12,🌧:12,🇨🇭:12,✊🏽:12,🐒:12,🚬:12,🐭:12,🚽:12,✌🏽:12,0⃣:12,👋🏻:12,Ⓜ️:12,🔌:12,🇦🇹:12,🤲🏻:11,🏃:11,🥧:11,🍴:11,🇹🇭:11,🏃‍♂️:11,🏏:11,👬:11,🇵🇭:11,📋:11,🏰:11,🧼:11,🤕:11,💃🏻:11,🏐:11,✏️:11,🇩🇰:11,🌜:11,🙀:11,🍞:11,🧍‍♂️:11,🤳:11,🔟:11,🤙🏻:11,😦:11,🦜:11,🚚:11,⚰️:11,📦:11,🦑:11,🤞🏼:11,☯️:11,🤷🏼‍♂️:10,🍬:10,🤌🏼:10,☢️:10,💅🏽:10,🍅:10,🎦:10,🇸🇪:10,👢:10,❤‍🔥:10,🇻🇳:10,🏃‍♀️:10,♨️:10,⛩:10,🫥:10,👼:10,🍽:10,🧙:10,🤷🏿‍♂️:10,🔘:10,♍:10,⚙️:10,🧑‍💻:10,🧣:10,🧋:10,🎪:10,👈🏻:10,😶‍🌫️:10,🍶:10,👌🏽:10,🥅:10,🙉:10,🎺:10,🧱:10,🎑:10,🎹:10,🔷:10,🇳🇴:10,🤥:10,🔐:9,👂:9,🍱:9,🙌🏿:9,🤦🏿‍♂️:9,▪:9,🚕:9,🤴🏾:9,📑:9,➖:9,🥞:9,🐂:9,🤷🏼‍♀️:9,👐:9,☁:9,🌪:9,🤘🏼:9,🖕🏼:9,🔢:9,✉️:9,👨‍👩‍👧:9,🔶:9,🤲🏽:9,🧍🏽‍♀️:9,🐽:9,🛌:9,🚙:9,🌫:9,®️:9,👍🏾:9,💅🏼:9,🦧:9,📕:9,🍸:9,🍜:9,✊🏼:9,🤌🏽:9,👊🏾:9,🥭:9,🇲🇾:8,👉🏼:8,🙅‍♂️:8,🌔:8,🏴󠁧󠁢󠁷󠁬󠁳󠁿:8,🥒:8,🅰️:8,🙇:8,🧟‍♂️:8,🫐:8,🤝🏽:8,👶:8,♾:8,📓:8,🎗:8,⚛️:8,🤙🏼:8,🫰🏻:8,⛵:8,🤦🏿:8,🕸:8,🗞️:8,🪷:8,🥥:8,🆓:8,👊🏿:8,🥤:8,🤝🏻:8,🪬:8,📎:8,🙇‍♀️:8,🚂:8,❎:8,🤛:8,✊🏻:8,🔈:8,📯:8,🍝:8,🐗:8,🐮:8,🌮:8,🌧️:8,💲:8,🆙:8,🚦:8,🐅:8,🏎:8,🦷:8,🤜:8,⏸️:8,🩺:7,🕸️:7,🇹🇿:7,🌘:7,🟧:7,📄:7,🌭:7,🧙‍♀️:7,🏗:7,🥷🏽:7,🏔:7,🫑:7,🧙‍♂️:7,🌆:7,🇵🇷:7,🕺🏽:7,🐿️:7,🧍🏻‍♀️:7,🇦🇱:7,🔼:7,🕺🏻:7,👋🏼:7,⛳:7,🫰:7,🌑:7,🦮:7,🚶🏾‍♂️:7,💶:7,🪡:7,🫵:7,🧚‍♀️:7,🐖:7,🦩:7,🤦🏼‍♂️:7,✊🏿:7,🎗️:7,✍:7,🤟🏻:7,🖊️:7,🔨:7,🎷:7,🏝️:7,☔:7,🏇:7,🇵🇱:7,🗯️:7,🧍‍♀️:7,🤲🏼:7,👆🏻:7,🍧:7,😧:7,🌖:7,👔:7,🦚:7,🍡:6,🇯🇲:6,🇸🇻:6,🚶‍♀️:6,🪱:6,🎰:6
ja	✨:5126,🎁:2725,‼️:1489,😊:1488,😭:1441,🎉:1116,💕:1031,☺️:1009,🔥:925,😂:769,💦:767,🥰:742,🥺:740,🤣:728,😆:718,❗:714,❤️:628,👍:624,🙏:575,🥹:457,🌟:449,❣️:436,🎶:408,✅:401,‼:400,☀️:398,🍀:396,🤔:387,😍:384,1⃣:382,🎊:376,♻️:373,😅:371,💓:371,🎯:364,❤:359,🥲:330,🌸:326,😌:325,💗:325,💖:311,🌈:310,🥳:308,😇:300,🙌:296,🙇‍♀️:293,🤍:287,💙:275,👀:266,😢:265,👏:261,1️⃣:257,🙇‍♂️:254,💜:254,2⃣:252,😳:249,🫶:247,😁:247,💰:246,👇:244,🤗:244,⭐:243,⏰:238,😃:237,💪:234,📺:234,🐰:232,✌️:220,🤭:219,😄:217,☀:213,💛:210,㊗️:209,⁉️:207,💚:207,🎂:205,⚠️:204,💫:203,🎵:202,❕:200,📣:199,💞:195,2️⃣:193,⚡:180,😎:177,🅿️:176,🍁:173,💭:169,😋:168,🫶🏻:165,❓:164,▶:161,📢:161,💌:160,🤤:155,🔻:154,🙇:152,🎈:145,☺:144,☕:144,🌙:143,😉:143,👉:141,♥️:140,🎀:139,🔁:139,⬇️:138,🐶:137,🤩:136,🎤:135,❤️‍🔥:135,💨:130,✖️:127,💐:127,😱:126,🌻:125,👑:121,📸:121,🌹:120,🔽:118,🌱:118,💤:118,☑:117,♥:116,💎:113,🐱:113,💥:113,3⃣:111,💧:109,🧡:109,🙄:106,😘:106,✈️:105,🫧:104,🍺:102,💡:100,🐾:99,🫠:97,😀:96,🖤:96,☔:94,🌞:93,👤:91,💋:89,🌺:89,🧸:89,🫡:88,🌼:87,▶️:86,👋:86,✋:85,✔:84,🎧:84,☁️:84,😴:84,🐯:84,🍓:82,🎬:81,🫣:81,👌:81,🕊:79,✈:79,🔗:78,✊:76,🙆‍♀️:76,📱:76,❣:76,🇯🇵:75,🔔:75,✉️:74,🥇:73,❌:70,😡:68,🍑:68,😓:68,🐹:68,⭕:68,☝️:68,🙋‍♀️:67,😚:67,🕺:66,💘:66,🐈:66,🍇:65,🤝:65,⚾:65,🌀:65,🏆:64,📝:63,🚗:62,👊:61,🦊:61,💢:61,🍜:61,🙌🏻:60,🌷:60,🌰:60,🦋:59,🔄:59,⁉:59,🍊:59,📷:59,🆙:58,🤲:58,✌:58,🆗:57,😤:57,🍠:57,🐟:56,☑️:56,😏:56,📩:55,✔️:55,🐼:55,🔶:55,⤴️:54,💬:54,🌿:54,0️⃣:54,💝:53,☘️:53,🔸:53,🚨:53,😪:51,🍋:51,🎫:49,🫖:49,🙏🏻:48,👹:48,🙇🏻‍♀️:48,🧼:48,🗝:48,🍃:48,🎥:47,😈:47,👍🏻:46,🎮:46,☁:46,😣:45,🐤:45,🥂:45,😨:45,🍄:44,⚔️:44,😻:44,🙂:44,🐸:44,❄️:44,🍻:43,🌾:43,❔:43,🙈:43,🔎:43,🐷:43,🍨:43,🪄:43,🐇:42,🌕:41,🌴:41,🍴:41,🎃:41,🍔:40,🐻:40,⤴:40,🌃:40,🐣:40,⚔:40,😸:40,😔:40,🎸:40,😥:40,📍:39,🌊:39,🉐:39,📮:39,3️⃣:39,🍎:38,🗓:38,🐺:38,⚠:38,💉:38,⏱:37,🤫:37,🙋:37,🦀:37,🍯:37,🍂:37,🐧:37,🐕:37,⌚:36,🫰:36,😖:36,😩:36,🐬:36,🍚:36,✍️:36,🎆:36,🔫:35,🍵:35,🍡:35,🍙:35,🐒:35,🙃:35,🍌:35,😫:35,😵‍💫:35,📻:34,💟:34,😰:34,👏🏻:34,➡:34,🐝:34,🍰:34,⏳:33,🦁:33,😞:33,😮‍💨:33,😺:33,🔊:32,♀:32,🫰🏻:32,⚒️:32,🟦:32,🐈‍⬛:31,➕:31,✊🏻:31,🍒:31,🐙:31,🤚:31,🍩:31,➡️:30,🎴:30,😵:30,🆚:29,💸:29,👻:29,😹:29,🍅:29,🫢:29,🌳:29,🦖:29,🔴:29,0⃣:29,🍞:29,💃:29,🍮:29,▪️:28,👼:28,🍷:28,🌠:28,⚽:28,😑:28,🍣:28,💍:28,🦐:28,🙆‍♂️:28,🐥:28,🖐:28,💿:28,🚬:27,✖:27,🚩:27,🎑:27,📕:27,🥦:27,🎙:27,🙋‍♂️:27,🆕:27,🍉:26,🟢:26,🌏:26,▫️:26,🦦:26,🥱:26,🍳:26,🐳:25,💻:25,🦑:25,㊗:25,◼:25,7⃣:25,💪🏻:24,⬇:24,🎪:24,⏬:24,🎨:24,💄:24,🟡:24,☝:24,🦄:24,🤦‍♀️:24,💮:24,🤪:24,⚫:24,🥶:24,🐉:23,😿:23,😽:23,👈:23,🟨:23,🍛:23,👨‍💼:23,🧐:23,😝:23,〰️:23,5️⃣:23,🐿:23,🏅:22,🇺🇸:22,⏩:22,🛁:22,⤵:22,➰:22,😙:22,👶:22,💯:22,✌🏻:22,🥢:22,🙆:21,👓:21,🍫:21,🌛:21,📅:21,⬆️:21,🏠:21,5⃣:21,🟩:21,♂:21,🐮:21,🍐:21,🪷:21,🌶:20,🎞:20,🍈:20,🔃:20,💁‍♂️:20,🥃:20,🍶:20,↪:20,☂️:20,😲:20,🆘:20,🛫:20,🚚:20,🔖:20,📌:20,🔺:20,🆓:20,😠:19,🔆:19,🤟:19,🥵:19,⚜️:19,🎩:19,💁‍♀️:19,🍗:19,🎣:19,🛩:19,🥈:18,🙀:18,🦈:18,🗣:18,🗻:18,🍖:18,🃏:18,⬜:18,✍:18,💀:18,⚪:18,🎌:18,💣:18,🐌:18,🐢:17,🍹:17,🦍:17,🌅:17,🦉:17,⛩:17,🌎:17,📦:17,🏮:17,📖:17,🐴:17,🚙:17,😐:17,🦒:17,📲:17,🏃‍♂️:17,🏍:16,🤞:16,🔪:16,🅿:16,👐:16,🍼:16,🍭:16,🤮:16,👽:16,👿:16,🎟:16,🇰🇷:16,🔍:16,🛒:16,🐔:16,🤘:16,▫:16,🍾:16,🏴‍☠️:16,🏀:16,®:16,🥕:16,🏃:15,📘:15,🍬:15,🕐:15,🕶:15,🐑:15,🚺:15,🤯:15,🥀:15,🏯:15,🍱:15,🐭:15,❄:15,🕰:15,🐽:15,🇫🇷:15,🧪:15,👆:15,🔞:15,🧧:15,🧀:15,🏝:15,🏷:15,🦆:15,⤵️:15,🎋:15,📧:15,🏰:14,♨️:14,👊🏻:14,🫶🏼:14,📚:14,😗:14,🔰:14,🦇:14,♦️:14,💊:14,🥗:14,🔵:14,📡:14,🚀:14,🥟:14,🥉:14,⛅:14,4️⃣:13,😜:13,🌝:13,🎍:13,🎐:13,🤓:13,☃️:13,💠:13,💴:13,🐨:13,🌍:13,👒:13,🍦:13,✴️:13,🏩:13,🥤:13,🥞:13,🍆:13,🌄:12,👼🏻:12,💩:12,↔:12,♠️:12,🐦:12,😮:12,🌧:12,🛌:12,🐍:12,✏️:12,🏢:12,👂:12,📛:12,✉:12,🥐:12,🚿:12,🛵:12,👶🏻:12,🐠:12,🧠:12,🎻:12,🍝:11,👦🏻:11,🍪:11,🏹:11,🎏:11,🛏:11,🌲:11,🤳:11,🥩:11,🍤:11,🙊:11,🌤:11,9⃣:11,🦸🏻‍♂️:11,📞:11,🈵:11,🤙:11,🙇🏻‍♂️:11,👁:11,🥔:11,👟:11,↔️:11,⛺:11,✍🏻:11,㊙️:11,🟥:11,🛏️:11,👾:11,6️⃣:11,😷:11,🦷:11,👙:11,🥖:11,🧚‍♀️:11,🏐:10,🍿:10,🍽:10,🙆🏻‍♀️:10,🤲🏻:10,🤦🏻‍♀️:10,🕒:10,🤝🏻:10,™:10,🎰:10,🐓:10,🗡:10,🌌:10,〰:10,🧶:10,🍥:10,🤡:10,🔑:10,🐻‍❄️:10,🎾:10,🔹:10,😒:10,🥚:10,🧊:10,🔷:10,🌽:10,🚲:10,🏫:10,🥒:10,🚢:10,🧚‍♂️:10,🔅:10,🎹:10,⚓:10,🧹:10,🇬🇧:10,🥴:9,🤬:9,🛀:9,🏇:9,👔:9,🥥:9,📨:9,🤎:9,🤢:9,📹:9,❎:9,👨‍✈️:9,😶:9,◾:9,🐩:9,🍕:9,🌵:9,😬:9,🏃‍♀️:9,🗾:9,🐏:9,🛍:9,👥:9,🆔:9,🌂:9,🧅:9,🤖:9,🦌:9,✴:9,🪞:9,🈁:9,🦔:9,🚃:9,🦅:9,☪:9,🐲:9,🕯:9,😾:8,🤏:8,🇹🇭:8,◽:8,🤨:8,👗:8,🗼:8,🧝‍♂️:8,🍟:8,😼:8,🍏:8,🥬:8,🈳:8,🐊:8,🌭:8,🌋:8,🪦:8,🎲:8,👘:8,🫥:8,🚄:8,🗣️:8,🎙️:8,🏖:8,🍲:8,🎼:8,🙇🏻:8,🧁:8,🌪:8,🐖:8,🦭:8,👧🏻:8,🌗:8,🚴:8,🙋🏻‍♀️:8,☹️:8,🇺🇦:8,🔮:8,👴:8,🗽:8,🍘:8,🎒:7,⛄:7,🖐️:7,🟣:7,👇🏻:7,🍍:7,⬛:7,🐄:7,🖋:7,🚅:7,✂️:7,🫀:7,🔟:7,🙅‍♀️:7,🏁:7,🐘:7,💁:7,🥊:7,🍧:7,⬅:7,♦:7,👧:7,👠:7,🌬:7,🙋🏻‍♂️:7,🦕:7,👵:7,🧻:7,💔:7,👎:7,🎖:7,⛈:7,🅰️:7,🥼:7,🙅:7,🐜:7,☘:7,👨‍👧‍👦:7,🏪:7,👸:7,🏕:7,🐵:6,🤷‍♀️:6,⌛:6,🚜:6,👛:6,🐎:6,🔋:6,🎦:6,🇨🇦:6,🥭:6,🙆🏻:6,🖥:6,👍🏼:6,🌦:6,🟠:6,👚:6,🗓️:6,👨‍👩‍👧‍👦:6,⚜:6,👉🏻:6,🧢:6,☎️:6,🏺:6,📀:6,♨:6,8⃣:6,📽:6,💁🏻‍♀️:6,👦:6,🧙‍♀️:6,🚪:6,🌆:6,🇵🇱:6,🏄:6,⏪:6,♻:6,🚹:6,💒:6,🥜:6,#️⃣:6,🏄‍♂️:6,🤧:6,🫂:6,👋🏻:6,🧛‍♀️:6,🇨🇳:6,😯:6,🦪:6,🎭:6,🧜‍♀️:6,🥪:6,🚌:6,👞:6,🙅‍♂️:6,♣️:6,🫲:6,🐋:6,🥁:6,🫱:6,👄:5,⛲:5,🈺:5,👅:5,🐚:5,🥣:5,🪐:5,⛳:5,🧴:5,8️⃣:5,🎢:5,🫵:5,🤦‍♂️:5,4⃣:5,🥧:5,🏟:5,🤑:5,🏨:5,⛱:5,🦢:5,🗺:5,🏥:5,©️:5,🦵:5,🎠:5,🤥:5,◀️:5,🦗:5,🍢:5,💅:5,⛽:5,👈🏻:5,🩸:5,🧚🏻‍♀️:5,🌐:5,🔨:5,🏖️:5,☯️:5,🏟️:5,👕:5,🛼:5,🛸:5,🦩:5,♣:5,👨‍🍳:5,🥸:5,🧄:5,🗒:5,☠:5,⛰:5,🎇:5,🧨:5,🇩🇪:5,🥛:5,📈:5,😶‍🌫️:5,🌖:5,🌘:5,🔱:4,⛓:4,㊙:4,🐿️:4,📬:4,👯‍♀️:4,©:4,😧:4,🤷‍♂️:4,✏:4,⛑:4,🤞🏻:4,▪:4,🛐:4,👜:4,💵:4,🏳:4,👨‍🔬:4,🏳️‍🌈:4,🎡:4,🦠:4,🟤:4,🥓:4,🌉:4,📰:4,📙:4,🍸:4,🀄:4,📶:4,🤜:4,😛:4,◀:4,🛹:4,👮‍♀️:4,🎄:4,💶:4,🔐:4,❤️‍🩹:4,👯:4,🈹:4,🚴🏻‍♂️:4,🖼:4,🈲:4,🕊️:4,🚤:4,✋🏻:4,🪡:4,🗯:4,🛳:4,👺:4,🏓:4,6⃣:4,✳️:4,🥯:4,🐐:4,🥷:4,💹:4,🚶‍♀️:4,🚶:4,🫐:4,🦜:4,🥝:4,7️⃣:4,🎷:4,🙉:4,🅱️:4,🐡:4,♠:4,🚫:4,🉑:4,🥄:4,🥨:4,☎:4,↕️:4,🔜:4,🌤️:4,Ⓜ️:4,📤:4,🙇‍♂:4,☮️:4,🙇‍♀:4,🏡:4,🛑:4,🙌🏼:4,🕖:4,⛸:3,🎟️:3,🈚:3,👨:3,🙅🏻:3,❇️:3,⛈️:3,☝🏻:3,🌜:3,🏞:3,🪶:3,🚑:3,👭:3,🕵️:3,🤦🏻‍♂️:3
und	🔹:5463,🔥:2994,🌷:1796,😂:1585,🤣:941,😭:670,❤️:660,😍:382,👍:321,🥰:279,🙏:266,👀:242,💙:232,🤍:208,✨:208,🥺:183,♥️:175,🖤:174,👏:165,❤:158,💜:156,💯:149,😅:140,😁:140,😘:138,💚:135,😊:130,🇧🇷:128,🥹:127,💛:122,💔:116,👌:114,🌹:114,😎:114,🤭:103,💕:102,😳:100,🤪:96,🤔:96,💖:92,💪:92,💀:91,😉:89,🤗:88,💗:85,🦅:84,🫶:83,😏:82,😔:79,😈:78,🫶🏻:78,🥵:77,🤩:73,🙄:73,🥲:72,🤡:71,🤤:71,🙂:68,🐰:68,💦:68,😆:67,😋:66,💥:65,😄:65,✌️:64,🧡:64,🤝:64,⚽:63,💋:60,✅:60,🌸:60,📸:58,☺️:55,🙏🏻:54,👋:54,❤️‍🔥:54,🙌:53,🫡:51,🦋:50,😌:49,👇:49,🤮:47,☀️:47,💫:47,🫂:46,🥳:46,😢:46,😀:45,🚀:44,👑:43,✌🏻:43,😱:43,👍🏻:43,🔴:43,🫣:41,🫠:41,🤨:41,😃:40,😇:40,💞:40,🌻:38,😹:38,🙈:38,💎:37,☕:37,💓:37,🌟:37,👅:37,🔔:37,‼️:36,😜:36,😻:35,😡:35,👊:35,🌊:34,😩:34,😝:34,📍:34,🦊:34,🐱:33,🎂:33,🌙:33,🇹🇷:32,🎉:31,🍁:31,💐:31,🫧:30,👉:30,😛:29,🤫:29,⚪:29,🇺🇸:29,🌿:29,✌:28,🤲:28,🌺:28,🎶:27,⚡:27,✋:26,♥:26,🤎:26,🎀:26,🐶:25,🤬:25,🍂:25,🇦🇷:25,😒:25,😚:24,🍆:24,⭐:24,😬:24,💘:24,💌:24,🙃:24,😗:24,🫶🏼:24,▪️:24,🤘:24,😮‍💨:23,👏🏻:23,🌍:23,🍀:23,🦁:23,❣️:23,🌞:23,🍑:23,🍓:23,👈:22,🥂:22,🎯:22,🌱:21,❤️‍🩹:21,🐐:21,🇮🇳:21,💃:21,🧐:21,✊:20,🍒:20,🙌🏻:20,🌝:20,🙋‍♂️:20,😕:20,😲:20,🙏🏼:19,🤯:19,💩:19,🤓:19,🤦‍♀️:19,🙏🏽:19,🔫:19,🥱:19,🍇:18,🐻:18,🙋‍♀️:18,😞:18,🖐:18,🐾:18,☠️:18,😐:18,🤦‍♂️:18,🍎:18,💝:18,🏀:18,👁:17,🎥:17,🎳:17,🕊:17,🧿:16,🇻🇪:16,🖕:16,🚨:16,👻:16,🥴:16,😥:16,🌚:15,👌🏻:15,😪:15,🎤:15,🤟:15,😴:15,🍃:15,🌼:15,😓:15,🤷‍♂️:15,😑:15,📷:14,🤞:14,🐈:14,🤦🏻‍♀️:14,🐷:14,🌈:14,🫶🏾:14,🙋:14,😮:14,😵‍💫:14,🏆:14,🗣:13,🐣:13,🚩:13,😠:13,🎧:13,🙋🏻‍♀️:13,🤙🏻:13,💨:13,🎁:13,🤧:13,🍻:13,🤢:13,💪🏾:13,😙:13,🫰:13,🟢:13,🟡:13,🤌:13,😶:12,🪄:12,☹️:12,📌:12,📢:12,🦍:12,🥞:12,🫶🏽:12,🎸:12,😤:12,🐯:12,🤦🏻‍♂️:12,🙌🏼:12,🎵:12,✈️:12,🟠:12,❗:12,👍🏼:12,🦀:11,🫢:11,😽:11,🥀:11,🙊:11,🤑:11,🖼:11,🤦:11,👙:11,😫:11,🐧:11,🙉:11,👽:11,👊🏼:11,💪🏼:11,🍊:11,🍉:11,🐹:11,🇨🇱:11,🔝:11,❌:11,🍩:11,👊🏻:11,🐍:11,🐺:11,🏴󠁧󠁢󠁥󠁮󠁧󠁿:11,☁️:10,✍️:10,🥶:10,👁️:10,🫦:10,🙋🏻‍♂️:10,🐟:10,🙁:10,💬:10,🎊:10,🙏🏾:10,👏🏼:10,☀:10,🦇:10,🖐️:10,💟:10,❄:10,🇺🇦:10,👊🏾:10,🏠:10,🧢:10,⏳:10,🌕:10,😾:10,💭:10,➡️:10,🐠:10,🇭🇰:10,🙇‍♂️:9,🤏🏻:9,👉🏻:9,🍌:9,🔗:9,🐥:9,🎠:9,🥟:9,🧸:9,😯:9,⚫:9,🐕:9,👎:9,🍄:9,🎈:9,🐤:9,🚬:9,😨:9,👄:9,😸:9,🍔:9,🥃:9,🔞:9,🔰:9,👇🏼:9,⚔️:9,🛫:8,🦌:8,🕊️:8,📞:8,🙌🏾:8,💸:8,⚠️:8,🛐:8,🍷:8,🌴:8,🎮:8,👌🏽:8,🔜:8,👧:8,🕯:8,🍼:8,✔️:8,🤙:8,🐬:8,💣:8,🏳️‍🌈:8,🍈:8,😣:8,✌🏽:8,🥇:8,👿:8,😵:8,🌛:8,💪🏽:8,🤌🏼:7,👇🏻:7,💤:7,🐎:7,🔱:7,🤖:7,👉🏼:7,🙏🏿:7,🍋:7,🦖:7,🐸:7,💧:7,🍺:7,☘️:7,🕺:7,🤌🏻:7,💢:7,☺:7,🎃:7,😼:7,🫵:7,🍍:7,🤲🏻:7,🍽️:7,❄️:7,🔪:7,👌🏼:7,✋🏻:7,🌶️:7,1️⃣:7,🤠:7,🙋🏼‍♀️:7,🅰️:7,🌳:7,🤙🏼:7,🐡:7,🔙:7,❣:7,🪨:6,♾️:6,🐳:6,🐑:6,🏖:6,✌🏼:6,🐨:6,♨️:6,💪🏻:6,🍅:6,🔻:6,❓:6,☝🏻:6,⬇️:6,🏳️‍⚧️:6,🌅:6,😟:6,💆:6,👼:6,🍟:6,🎟:6,😰:6,🤛:6,🇨🇦:6,🌜:6,5⃣:6,🍙:6,👒:6,🤟🏻:6,🌌:6,🔊:6,😧:6,😿:6,🏹:6,3️⃣:6,🐼:6,🪐:6,😷:6,☝️:6,🔵:6,✉️:6,🐿️:6,🍰:6,⚖️:6,👾:6,®:6,🤕:6,🤷‍♀️:6,💰:6,🐇:6,📈:6,🤚:6,🚂:5,🧹:5,🤘🏻:5,🌃:5,🏝:5,😺:5,✝️:5,🪷:5,🔩:5,🍬:5,🤷:5,👹:5,💉:5,©️:5,🥕:5,🚲:5,🤷🏻‍♂️:5,🌎:5,🐮:5,🤦🏾‍♂️:5,📡:5,🏴‍☠️:5,🐙:5,🦦:5,☘:5,🎹:5,🧪:5,🤞🏽:5,👥:5,⏰:5,🏁:5,🐈‍⬛:5,😶‍🌫️:5,🤐:5,🏅:5,🏡:5,🐽:5,🆚:5,🍿:4,🐦:4,🃏:4,🤦🏼‍♀️:4,☁:4,🧤:4,📚:4,🐴:4,🦕:4,⚙️:4,🧰:4,🎫:4,🐃:4,☝:4,🚮:4,🚓:4,🙌🏽:4,👍🏽:4,🐉:4,🌉:4,🗿:4,🤝🏻:4,☄:4,🖕🏻:4,🐿:4,👋🏻:4,♠️:4,🐝:4,⛪:4,🤏:4,🧍:4,🖇:4,🆕:4,▶:4,👈🏻:4,🥑:4,🥒:4,🥁:4,🇲🇽:4,👆🏻:4,♻️:4,🍯:4,📕:4,💅:4,6⃣:4,1⃣:4,2⃣:4,📎:4,🗑:4,🫵🏻:4,🎲:4,🎩:4,🫀:4,🍜:4,🇲🇦:4,🔺:4,🫥:4,🎐:4,☎:4,🚶:4,💿:4,👓:4,7️⃣:4,📺:4,👆:4,🤞🏾:4,🗓:4,👈🏼:4,🏃:4,🇬🇧:4,🍫:4,🚗:4,🙇‍♀️:4,🎻:4,🔶:4,🔮:4,2️⃣:4,🙀:4,🤳:4,🦄:4,🎼:4,🇲🇪:4,😖:4,🤞🏼:4,🤷🏼‍♀️:4,👩:4,🌄:4,🚫:4,🇰🇼:4,📊:4,〰️:4,🍳:3,👏🏽:3,❕:3,🦗:3,✏️:3,👖:3,⁉️:3,🎆:3,🙇🏼‍♂️:3,🇵🇱:3,🆘:3,🇪🇬:3,🫤:3,🤷🏽‍♂️:3,🇨🇵:3,🎭:3,🎴:3,⛔:3,🏷:3,🧬:3,👺:3,🌵:3,🇺🇲:3,⛓:3,🍾:3,🪦:3,🥸:3,🪩:3,🥛:3,🍞:3,🌧:3,♾:3,🍮:3,🦴:3,🛡️:3,🌶:3,🧚🏻‍♀️:3,👏🏿:3,✌🏾:3,🤦🏿‍♂️:3,⚰️:3,⭕:3,💡:3,🇨🇴:3,📅:3,📣:3,🐘:3,4⃣:3,3⃣:3,✊🏿:3,🤥:3,📿:3,👇🏽:3,🍪:3,🧠:3,🤦🏽‍♀️:3,🇿🇦:3,🐊:3,🚙:3,🛼:3,🙋🏽‍♀️:3,🦮:3,🪓:3,🩸:3,👎🏻:3,📝:3,🪜:3,🌲:3,💃🏻:3,🍦:3,🛒:3,🍭:3,🤲🏾:3,🤜:3,🛸:3,🟨:3,🎷:3,🥊:3,0️⃣:3,🔘:3,👍🏾:3,🌭:3,🧊:3,🌐:3,👟:3,☮️:3,🧉:3,🍨:3,🟩:3,🎾:3,🦾:3,🕯️:3,🔨:3,🧨:3,🔐:3,🥭:3,🎓:3,🇫🇷:3,🇷🇺:3,⛓️:3,🐆:3,🐌:3,🤘🏼:3,🌰:3,4️⃣:3,🙇:3,🍖:3,🇵🇸:3,🇸🇦:3,5️⃣:3,👉🏽:3,✊🏼:3,🏃‍♀️:3,🐀:3,🙆‍♂️:3,🗞:3,🖇️:3,👸:3,💻:3,🦉:3,🇺🇾:3,🧍‍♀️:3,👌🏾:3,🧔‍♂️:3,🦆:3,♀:3,▪:3,💁:3,🛍:3,✔:3,🎰:3,🇯🇵:3,🚣🏻:2,👳:2,👔:2,🧅:2,🕳:2,✍🏻:2,🖖:2,📽:2,🙇🏻‍♂️:2,🌪:2,ℹ️:2,🎞️:2,🪡:2,🅱️:2,☝🏼:2,🌧️:2,🍧:2,🔼:2,🐩:2,🐅:2,✳:2,🙆‍♀️:2,🐲:2,➕:2,🙆🏻‍♀️:2,⛏:2,♦:2,🍶:2,9⃣:2,🫵🏽:2,➿:2,🆔:2,🎬:2,🤌🏽:2,📓:2,🕸:2,🧍🏻‍♀️:2,🛑:2,🌏:2,🔧:2,💃🏾:2,🤚🏻:2,🚦:2,☔:2,🇮🇪:2,🐗:2,🔄:2,🥔:2,🦎:2,✍:2,🦂:2,🏋️‍♀️:2,📀:2,🙌🏿:2,🤸:2,📫:2,🏥:2,🛁:2,🧽:2,🛡:2,🐄:2,🤘🏾:2,🎑:2,🔬:2,🤞🏻:2,🗣️:2,🐂:2,🚧:2,🙋🏽‍♂️:2,♦️:2,♣️:2,🏸:2,‼:2,🎣:2,🇾🇪:2,#️⃣:2,👏🏾:2,🧙:2,🐕‍🦺:2,🧌:2,✂️:2,🧎🏻‍♀️:2,💍:2,🧈:2,🇨🇺:2,🛢:2,🛠:2,📆:2,⛅:2,⏩:2,📮:2,⬆️:2,🗳:2,🧙‍♂️:2,🟣:2,🦈:2,🇰🇷:2,🇨🇭:2,💈:2,🧜‍♀️:2,🕶️:2,⌛:2,✍🏽:2,🏇:2,👯‍♀️:2,💵:2,🖲:2,🎱:2,🍤:2,🧞‍♀️:2,👃:2,📑:2,🇪🇺:2,🧍🏾‍♀️:2,🥦:2,⬛:2,🐞:2,🙆:2,🗡:2,🖕🏿:2,🖌️:2,👊🏽:2,🪖:2,🔟:2,📰:2,🔎:2,🈹:2,⏫:2,🎽:2,♎:2,💲:2,♨:2,🏮:2,📯:2,🪸:2,🎞:2,👸🏼:2,🦷:2,💪🏿:2,👂:2,🏴:2,🟥:2,🤷🏾‍♂️:2,🔸:2,➗:2,🇬🇪:2,📹:2,🏐:2,🇵🇰:2,🤦🏻:2,👯:2,🔳:2,🪙:2,8️⃣:2,🗝:2,🌑:2,☄️:2,🌀:2,👨‍💻:2,⛳:2,🇦🇿:2,👈🏽:2,🐛:2,🛌:2,🆙:2,🦹:2,🎏:2,👣:2,🎺:2,✳️:2,🔍:2,🫱🏻‍🫲🏼:2,🇵🇼:2,🥝:2,✊🏽:2,🎇:2,🔏:2,👸🏻:2,🥷:2,🐜:2,💊:2,🕴🏾:2,🤿:2,🤟🏼:2,🧒:2,🎄:2,🇭🇳:2,🍸:2,🐒:2,🇳🇱:2,⛺:2,🌠:2,🚿:2,🧲:2,🇬🇷:2,🩹:2,🖕🏼:2,🧺:2,🤚🏾:2,🤺:2,🤙🏽:2,🥚:2,🤌🏾:2,🫵🏼:2,⚜️:2,⛰:2,⬅️:2,❤‍🩹:2,🎪:2,🦩:2,🇪🇸:2,🧱:2,🚷:2,🌤:2,✌🏿:2,🐖:2,🌋:2,🇱🇷:2,☃️:2,🐚:2,📲:2,🦑:2,💆🏼‍♀️:1,🏄:1,📔:1,👢:1,👦:1,🕵🏻‍♂️:1,☹:1,⤵:1,🖌:1,🎨:1,🙎🏽‍♂️:1,🪞:1,👩‍🦲:1,⚔:1,📖:1,✏:1,〰:1,♋:1,🛩️:1,👶🏻:1,🎙:1,🇿🇼:1,👮🏻:1,🫴:1,🏃🏾‍♀️:1,🇮🇶:1,🎙️:1,🧏:1,🙅🏻‍♀️:1,🌮:1,🛬:1,🥷🏽:1,⌚:1,🍹:1,🇮🇹:1,⛽:1,↘️:1,↙️:1,⛸:1,🇴🇲:1,🤴:1,⛱:1,🇬🇭:1,🤝🏿:1,🐻‍❄️:1,🚶🏼‍♂️:1
ar	😂:1044,✅:1012,🙏:989,🌟:928,💆🏻‍♂️:911,📍:841,🔥:783,❤️:759,💰:742,🤍:537,😭:479,📸:393,🎥:376,♥️:368,📱:301,😍:266,🤣:255,💔:248,💙:239,💸:238,🌹:235,💛:231,📲:230,⚫:211,🔺:210,⚪:208,🟥:203,🔳:203,🟨:202,🟦:202,🟩:201,🟧:201,👇:186,🔹:164,✨:157,🥺:156,👈:156,🦋:153,🚙:152,💚:144,▪️:140,❤:139,🚨:126,🇸🇦:120,🖤:108,🎁:107,😅:105,📌:102,😁:96,👌:90,👍:89,😔:89,💜:88,🥹:87,🤲:86,🔷:85,📽:85,🔴:82,🟢:81,🌸:76,🔶:76,😉:76,🤩:74,🟣:74,📷:72,🌿:72,➿:71,🙂:70,💕:68,🥲:68,💥:67,🎉:66,👇🏻:64,📹:63,👍🏻:61,🙏🏻:59,🌷:59,🤔:58,🫶🏻:58,😢:58,🔁:54,😌:53,🌺:53,💗:52,❤️‍🔥:50,🥰:49,🔄:49,👌🏻:48,💯:48,🕊:47,👆:45,👏🏻:44,😘:43,👏:43,😎:42,✔️:41,💪:40,💐:40,🌚:40,🥵:39,🤎:39,👀:39,🛑:38,💖:38,🫡:36,😏:36,🍃:35,🌱:35,🤲🏻:35,♥:35,🔝:34,😊:34,💵:34,😩:34,🔔:34,🚀:33,⬇️:33,🤭:32,👇🏼:32,💞:32,☺️:31,💢:31,🎙:31,🎶:30,▪:30,🦦:30,💘:30,👈🏻:29,🙈:28,😇:28,🔸:26,🫣:26,🙄:25,⚽:25,🤤:24,😋:24,⛔:24,🧡:23,🇪🇬:23,🔻:23,💫:23,🔃:23,💋:23,🌼:22,✋:22,😱:22,🤝:22,🥳:22,☕:22,⭐:22,😞:22,😃:21,⭕:21,😀:21,💓:20,😡:20,❌:20,⏳:20,🔵:19,🟡:19,😒:19,🌴:19,💎:19,💬:19,❣️:19,🫶:19,📞:18,🎮:18,🍂:18,⚡:18,😄:17,😳:17,🤗:17,✌️:17,✋🏻:17,🇮🇶:17,🤪:16,🙃:16,☹️:15,😜:15,📩:15,🐪:15,🤞:15,✍️:15,🇲🇦:14,🤨:14,🎼:14,🤢:14,🫂:14,🆚:14,🌝:14,✈️:13,🇰🇼:13,3️⃣:13,‼️:13,😴:13,💀:13,🤦🏻‍♀️:13,🏆:13,🗣:13,🍑:13,👑:13,👎🏻:12,1️⃣:12,😬:12,🌾:12,⬅️:12,👅:12,🥂:12,🙏🏼:11,⌚:11,💭:11,😥:11,🤡:11,✌🏻:11,☎️:11,📄:11,💌:10,🤲🏼:10,👏🏼:10,⚔️:10,2️⃣:10,🛒:10,🔰:10,😑:10,🕋:10,💃:10,➰:10,😝:10,🙊:10,🤯:10,⏱:10,🤦🏻‍♂️:10,💪🏻:10,🇾🇪:9,🌧:9,🤦‍♂️:9,💦:9,🛐:9,✍🏻:9,❤️‍🩹:9,📺:9,🕊️:9,👋:9,🔗:9,🤮:9,♦️:9,🥀:9,🇩🇿:9,📚:9,🥁:9,🏃🏻‍♀️:9,🙌:9,⚠️:9,🚶‍♀️:9,💝:9,🥴:9,🌻:9,🏨:9,🚶🏻‍♂️:9,😐:9,❗:8,😹:8,⁉️:8,♀️:8,♂️:8,🎬:8,🫶🏼:8,🍀:8,🎈:8,😮‍💨:8,☑️:8,🍒:8,🫀:8,🤏🏻:8,👍🏼:8,🚶:8,✔:8,👉:8,👌🏼:8,🤓:8,🏃🏻‍♂️:8,🤝🏻:8,😆:8,🥱:8,🏟️:8,🔂:7,🤷🏻‍♂️:7,🗿:7,🏃‍♀️:7,🤷‍♂️:7,😤:7,🦅:7,✌:7,🏟:7,🚫:7,⏪:7,💶:7,🤖:7,💧:7,🏝:7,😪:7,🐐:7,😻:7,🍆:7,🤦‍♀️:7,🔞:7,🇦🇹:6,🦁:6,4️⃣:6,🎖:6,💡:6,😈:6,😰:6,📊:6,5️⃣:6,👊:6,🇺🇸:6,🫠:6,🥈:6,🍻:6,❣:6,💉:6,🙏🏽:6,😵‍💫:6,🍹:6,🍾:6,⚖️:6,🤙:6,〰️:6,🤌:6,🚶🏻‍♀️:5,🇵🇹:5,💅🏻:5,🤧:5,😕:5,👉🏻:5,🇮🇹:5,🎓:5,🌠:5,❎:5,😓:5,🥉:5,🥇:5,🐣:5,🎀:5,🎊:5,🍓:5,🐸:5,😷:5,⚜:5,📥:5,🍔:5,😠:5,🎨:5,😫:5,😨:5,🎻:5,⏰:5,👆🏻:5,😣:5,🎫:5,🏠:5,🏰:4,🤚:4,🕌:4,🇪🇦:4,📝:4,✉️:4,▫️:4,🇵🇸:4,🇧🇷:4,🐥:4,🇹🇳:4,🫦:4,🤏🏼:4,◀️:4,▶️:4,🤫:4,🍭:4,🙋🏻‍♂️:4,🐕:4,💴:4,😿:4,♻️:4,👩‍⚕️:4,💠:4,🙋‍♂️:4,📡:4,✍🏼:4,🇲🇫:4,⛈:4,🏃:4,🗓:4,🤷🏻‍♀️:4,🌊:4,🇱🇻:4,🫢:4,🐅:4,💍:4,🍁:4,☔:4,🪴:4,👋🏻:4,🌈:4,🎵:4,💃🏻:4,☀️:4,🗨:4,🇱🇧:4,🤦:4,🔟:4,🤕:4,🏹:4,🏃🏻:4,🧘🏻‍♂️:4,👍🏽:4,🤌🏼:3,☪️:3,👊🏻:3,📿:3,🚶‍♂️:3,🈹:3,🐶:3,6️⃣:3,🇦🇪:3,🇫🇷:3,🧁:3,🚬:3,👩🏻‍🦯:3,🟠:3,🔖:3,🏅:3,🤙🏻:3,🇹🇷:3,🐰:3,🇴🇲:3,⌛:3,☘️:3,🚦:3,🎟:3,☠️:3,🇮🇷:3,✊:3,📅:3,🍏:3,🤦🏼‍♀️:3,🩸:3,📃:3,🖥️:3,🌜:3,🌛:3,☝️:3,🧭:3,🇬🇧:3,👙:3,🛬:3,😙:3,🛎:3,🧐:3,☀:3,🤒:3,☃️:3,🔅:3,⤵️:3,👇🏽:3,🏩:3,🌐:3,✋🏼:3,🎇:3,🤌🏻:3,☹:3,🎤:3,✒:3,🌕:3,🍸:3,👉🏼:3,👹:3,↘️:3,🤷‍♀️:3,🇸🇾:3,💪🏿:3,🛫:3,😚:3,😮:3,🚶🏻:3,👮🏻‍♂️:3,🎧:3,❄️:3,⛷:3,🍼:3,🦂:3,👎:3,📆:3,🏃🏽‍♀️:3,🗣️:2,🖐🏻:2,🥋:2,🤷🏼‍♂️:2,🏃‍♂️:2,7️⃣:2,0️⃣:2,🐑:2,👁:2,🐴:2,📢:2,📉:2,🆕:2,😯:2,🙋:2,⬆️:2,🥸:2,🕑:2,😶:2,🦾:2,🍰:2,💆🏻‍♀️:2,☁️:2,🥶:2,😧:2,🍇:2,📎:2,🍄:2,◾:2,🤲🏽:2,📋:2,✍:2,☄️:2,⏬:2,➡️:2,🤠:2,🛠:2,🚗:2,🧍‍♀️:2,🛡:2,🖋:2,🐏:2,🍿:2,🏛️:2,🍌:2,🥮:2,🍨:2,🥡:2,🍠:2,🙋🏼‍♀️:2,⤵:2,🌨:2,🎂:2,🖋️:2,👄:2,🫰:2,❓:2,🌖:2,👸🏻:2,👸🏼:2,⛲:2,🏃🏼‍♀️:2,🎷:2,🔱:2,🚶🏽‍♀️:2,🙇🏻‍♀️:2,🤷:2,📬:2,🫐:2,🧪:2,🐆:2,🏦:2,👤:2,🐍:2,👶🏻:2,🤦🏼‍♂️:2,🏳️:2,™:2,🤞🏾:2,⚜️:2,🇶🇦:2,🇸🇩:2,🇬🇪:2,🌲:2,🎢:2,🐯:2,8️⃣:2,🍵:2,©:2,🇨🇿:2,💊:2,👫:2,🏡:2,🚘:2,🤐:2,🔪:2,🕕:2,😛:2,🇪🇭:2,🫶🏽:2,🔛:2,💅:2,🏢:2,🤬:2,♨️:2,⛈️:2,📖:2,🇨🇴:2,↩️:2,🧑🏻:2,📑:2,😲:2,🎋:2,🖌:2,👻:2,🐷:2,🐦:2,👌🏽:2,⛅:2,🐖:2,🙆🏻‍♀️:2,🪘:2,📯:2,😵:2,🔜:2,💪🏾:2,🔘:2,🧚‍♀️:2,®:2,🎙️:2,🧵:2,🎒:2,🪖:2,↪️:2,✌🏾:2,🎗️:1,🤳🏼:1,📴:1,🗓️:1,🔽:1,🗞️:1,🧜🏻‍♂️:1,📻:1,🛻:1,🇮🇳:1,📈:1,🔼:1,📓:1,👇🏾:1,🇪🇸:1,🙇‍♀️:1,♣️:1,💣:1,↖️:1,👩🏽‍🦯:1,🫰🏻:1,🧎🏻‍♀️:1,☘:1,🗳:1,🍫:1,🧇:1,😼:1,💪🏽:1,🕙:1,🫵🏻:1,📽️:1,🙅‍♀️:1,🇯🇴:1,🪞:1,🕺:1,🫤:1,👨‍🦯:1,🧘‍♀️:1,💁🏻‍♂️:1,🏛:1,🕣:1,🍺:1,🍊:1,✋🏽:1,👓:1,🧍‍♂️:1,🪒:1,🪬:1,🤦🏿‍♂️:1,🚖:1,💆‍♂️:1,🐂:1,🤼‍♂️:1,✌🏽:1,🍎:1,💪🏼:1,🏀:1,🇭🇺:1,🌤:1,🕰:1,👥:1,🏝️:1,🤟🏼:1,🤸🏻‍♂️:1,🪀:1,🍩:1,🐞:1,🧕:1,🇪🇪:1,🇧🇾:1,🇱🇹:1,⏱️:1,🎯:1,🌀:1,🍧:1,👰:1,🤵:1,🌑:1,✌🏼:1,🌍:1,🥝:1,🐒:1,👨🏾‍🎤:1,🫥:1,📐:1,2⃣:1,🦀:1,🐳:1,📙:1,✉:1,🧊:1,😾:1,🐱:1,◽:1,5⃣:1,🚁:1,🌇:1,⚓:1,🇿🇦:1,☄:1,🐊:1,🍬:1,🍡:1,🚶🏽:1,👕:1,🦌:1,🙋🏽‍♀️:1,🖥:1,🧨:1,🛴:1,🙋🏻‍♀️:1,🤚🏼:1,🪂:1,🚆:1,😺:1,🤦🏽‍♂️:1,📂:1,🦧:1,👩🏻:1,🧒🏻:1,🤙🏼:1,👈🏼:1,🏓:1,🕺🏻:1,🎴:1,🖍:1,✊🏿:1,☮️:1,🐭:1,🍯:1,🇷🇺:1,🤼‍♀️:1,🏋️‍♀️:1,🇪🇺:1,👎🏽:1,👨🏻‍🦯:1,🆗:1,🔙:1,📕:1,🫵:1,™️:1,🚕:1,🫱🏻‍🫲🏼:1,🙆🏼‍♀️:1,🟤:1,🇵🇭:1,🌙:1,🐨:1,🦢:1,📘:1,🌪:1,♏:1,💻:1,🗂:1,✝️:1,💆🏼‍♀️:1,🇨🇳:1,🩺:1,💄:1,🏵️:1,🇺🇲:1,🙉:1,👩🏼‍🍳:1,👩🏻‍💻:1,🇦🇷:1,📰:1,🩴:1,🔇:1,😸:1,🏬:1,🏯:1,🗼:1,🪸:1,👂🏻:1,🤞🏻:1,🥦:1,🇲🇨:1,🇵🇪:1,🧅:1,🍷:1,🙍🏻‍♀️:1,💩:1,🏃🏼‍♂️:1,🐹:1,💁🏼‍♀️:1,🐔:1,🐵:1,🐮:1,🇮🇱:1,➖:1,0⃣:1,1⃣:1,🐬:1,🌎:1,🦉:1,🀄:1,🔊:1,🐎:1,♾:1,🥪:1,🚴:1,🍕:1,👊🏽:1,🧑🏻‍🏫:1,👩🏻‍🏫:1,👞:1,😗:1,🔒:1,🤾🏻‍♂️:1,🤲🏾:1,🍴:1,🔆:1,📶:1,🖱️:1,📒:1,🥒:1,🚠:1,🫁:1,🖊️:1,🙇:1,🌞:1,🦔:1,🇲🇷:1,🕔:1,❕:1,🎺:1,🎹:1,🦇:1,🇩🇪:1,👐:1,✊🏼:1,🤦🏼:1,🎩:1,🛡️:1,✊🏻:1,🐈:1,🇭🇷:1,🏇:1,🕳:1,🏃🏽‍♂️:1,🧚‍♂️:1,🧂:1,👎🏼:1,🛏:1,🛌:1,🚶🏼‍♀️:1,🖇:1,🚾:1,🚽:1,🧘:1,☝🏻:1,🙌🏻:1,👆🏼:1,⚰️:1,🪩:1,🤚🏽:1,✍🏽:1,🦚:1,😶‍🌫️:1,🏳️‍⚧️:1,✋🏾:1,🩱:1,®️:1,🐽:1,8⃣:1,🤳:1,💃🏿:1,☝:1,🏃🏾‍♂️:1,🪔:1,💇🏻‍♀️:1,👿:1,🚩:1,🕘:1,✳️:1,🤚🏻:1,👏🏽:1,🐼:1,🟰:1,😦:1,👠:1,🔬:1,🖕:1,👩🏻‍🍼:1,👂:1,🦄:1,♐:1,💃🏼:1,🦥:1,🥷:1,👩🏼‍🦯:1,🦆:1,🧃:1,🌃:1,🤷🏼‍♀️:1,📳:1,🧿:1,🤸‍♀️:1,🕗:1,☝🏽:1,🤝🏾:1,☺:1,🤼:1
es	🤣:634,😂:617,❤️:551,🔥:448,😍:440,🔴:435,😭:373,✨:283,🚨:265,🥰:264,🥺:229,👇:215,🇻🇪:204,😈:201,🤔:196,😘:193,🇦🇷:187,📢:169,🙏:165,🤤:163,‼️:151,💪:147,🥹:144,💙:140,👉:139,😅:136,💜:135,😎:135,🤡:132,🙄:123,🤭:122,📹:121,♥️:117,🥵:117,🇨🇱:115,👏:115,😉:114,💦:114,👀:114,🤩:110,🤗:109,❤:109,🤍:106,⚽:106,📸:100,😔:99,🎶:95,🍆:95,❤️‍🩹:94,✅:94,▶️:93,🔵:93,➡️:92,😁:92,🥲:90,💕:89,🥳:88,🫶🏻:87,⚠️:87,👍:86,😏:86,😊:84,😋:83,🫠:81,💗:81,🇲🇽:81,💖:77,💔:77,📌:77,💥:75,💋:71,🙌:71,📍:71,😳:70,🙈:68,💚:67,😡:67,📺:66,🖤:66,🫶🏼:64,☀️:63,😱:62,👇🏻:60,✌️:59,🙃:58,📰:58,⬇️:58,🥴:57,😌:57,🤮:56,📣:56,💛:55,🟢:55,😜:55,🎉:54,📈:54,🍑:52,💀:52,😩:52,🌪:51,😆:51,🙏🏻:50,☺️:50,☕:49,⚡:49,👌:48,💩:48,🧐:48,🗣️:48,😮‍💨:48,😬:47,😞:47,🎥:46,😢:46,📲:45,🙂:43,👊:43,🤬:42,🤯:42,🇨🇺:41,💞:41,😷:41,❤️‍🔥:41,⭐:40,✌:40,🇪🇸:40,🗣:40,🌹:39,🔄:39,🏆:39,💘:38,🙊:38,🫶:38,🔁:38,🫣:38,🍀:37,🇧🇷:37,🚩:36,💬:36,🤪:36,😃:36,👏🏻:35,🧵:35,💫:35,🤑:34,🎁:34,🔸:34,🤦:33,🎂:33,😄:33,⭕:32,🇺🇸:32,🤦‍♀️:31,🌟:30,🤝:30,🇨🇴:29,🤦🏻‍♀️:29,❗:29,🤦🏻‍♂️:28,👉🏻:28,😮:28,😻:28,🔃:28,🔗:27,👈:27,👑:27,🌸:26,💯:26,🇷🇺:26,🔝:26,🗓️:26,⚪:26,🍺:26,🙏🏼:25,🤢:25,🖼️:25,😫:25,🌞:25,❌:25,➡:25,1️⃣:25,🎙:25,😵‍💫:25,🤨:25,🤧:25,⏰:25,💓:24,🦋:24,📝:24,🎈:24,💪🏻:24,🌻:23,🥱:23,🎙️:23,✌🏼:23,📚:23,🌈:22,😝:22,😒:22,❣️:22,😐:22,💣:22,👋:22,🆚:22,✍️:22,📷:22,😪:22,🇯🇵:22,🐶:22,🔰:22,🧡:21,💸:21,🌊:21,🇪🇨:21,☹️:21,📅:21,🫶🏽:21,😀:21,🗓:20,💪🏼:20,🎧:20,🛐:20,😚:20,🙋‍♀️:20,⏩:20,👇🏼:20,🫡:20,⚫:20,👉🏼:20,👏🏼:20,🔶:19,🌎:19,🤫:19,🐰:19,🔊:18,💰:18,🎵:18,😇:18,🐍:18,🔔:18,🤦‍♂️:18,🌱:18,2️⃣:18,👍🏻:18,🙏🏽:18,😴:18,💐:17,🇸🇻:17,🐻:17,🇺🇾:17,🇵🇪:17,🗞️:17,🌐:17,🎟:17,📻:16,🤠:16,😤:16,💻:16,🫂:16,😲:16,👍🏼:16,🌳:16,🤷:16,🔞:16,💌:16,🆘:16,🔹:16,🥇:16,🙋🏻‍♂️:15,🇺🇦:15,🗞:15,👅:15,🎪:15,🕊️:15,💂:15,🤌:15,✌🏻:15,😥:15,🐀:15,🤷🏻‍♀️:14,✔️:14,🗳:14,🚀:14,🎊:14,😶:14,😿:14,🛑:14,🤷🏻‍♂️:14,👇🏽:14,🤓:14,😠:14,🫢:14,🤙:14,🐾:14,👥:14,▪:14,📋:13,🤙🏻:13,🗳️:13,🎬:13,➕:13,🙌🏻:13,🌿:13,♥:13,💉:13,😹:13,🏟:13,💝:13,🎤:13,🥂:13,🕺:13,♻️:13,🤌🏻:13,🙁:13,🙌🏼:13,😓:13,☠️:13,✈️:13,👏🏽:12,🏳️‍🌈:12,👊🏻:12,🐨:12,📱:12,👎:12,🙋🏻‍♀️:12,❓:12,☝️:12,⚔️:12,😑:12,💃:12,😖:12,😛:12,🤐:12,🐯:12,✊:12,🎭:12,🕯:12,🅰️:12,🍻:12,😣:12,🏠:12,🇩🇪:12,😕:12,😵:12,🌼:11,🎮:11,🇮🇹:11,🏷️:11,📊:11,🕒:11,👤:11,🤞:11,👋🏻:11,⛔:11,📆:10,😾:10,👹:10,💪🏽:10,🤦🏽‍♂️:10,👿:10,⤵️:10,🕯️:10,📽️:10,5️⃣:10,🍄:10,4️⃣:10,🔎:10,1⃣:10,🇫🇷:10,🙌🏽:10,👌🏼:10,🎸:10,👌🏻:10,🎯:10,🤦🏽‍♀️:10,🎟️:10,🎨:10,🌴:10,▪️:10,💧:10,🐧:10,🇪🇦:10,✌🏽:10,⚖️:10,🇵🇾:10,🛋:10,🕊:9,🐿:9,🐹:9,🤷‍♀️:9,🌺:9,🐱:9,🌷:9,🤦🏼‍♀️:9,©:9,💡:9,😰:9,🔙:9,🥚:9,♦️:9,🦅:9,🔜:9,🐷:9,📥:9,🔫:9,🌾:9,🇪🇺:9,🦇:8,🟥:8,🚔:8,🙋:8,🟡:8,0️⃣:8,🇧🇴:8,🎼:8,🐺:8,🤘:8,🍫:8,📽:8,🏁:8,📞:8,🎀:8,🥀:8,🔷:8,2⃣:8,🦁:8,💃🏻:8,▫️:8,💵:8,🦆:8,🇺🇲:8,🍒:8,📖:8,🇬🇧:8,⏬:8,🤷‍♂️:8,🚘:8,🐕:7,🏟️:7,🥈:7,⏭️:7,🧠:7,🇨🇳:7,🔒:7,👉🏽:7,✊🏼:7,📜:7,⚠:7,🖕:7,🌅:7,🌙:7,💍:7,🚫:7,⏱️:7,🖇:7,💨:7,💲:7,👌🏽:7,🦍:7,💤:7,🔍:7,☺:7,🇬🇷:7,💎:7,📉:7,3️⃣:7,🙋‍♂️:7,🥶:7,🔻:7,🤟:7,😟:7,🐉:7,🏀:7,🇩🇴:7,🥃:7,❎:7,🍼:7,👕:6,🎩:6,🔬:6,🙀:6,🪄:6,🌚:6,⏳:6,☎️:6,©️:6,🎹:6,🧉:6,📗:6,🌍:6,🤞🏻:6,⚓:6,📩:6,🧿:6,🎒:6,🤙🏼:6,👻:6,✊🏽:6,6️⃣:6,🔪:6,👁️:6,🎺:6,▶:6,😺:6,🎓:6,🫰🏻:6,🦊:6,🤥:6,🇬🇹:6,⬆️:6,7️⃣:6,🔮:6,⚾:6,🧸:6,🇳🇮:6,🤏🏻:6,🍗:6,⬇:6,🚬:6,💟:6,🩺:6,👽:6,👁:6,🫀:6,🤟🏻:6,🤞🏼:6,🦠:6,⌚:6,👈🏻:6,♾️:6,🐟:6,🍨:6,🤷🏽‍♂️:5,😼:5,👊🏼:5,😸:5,🤖:5,💅:5,✋:5,🌧:5,📡:5,🐸:5,🔟:5,🐥:5,🌤:5,☘️:5,🇹🇷:5,✌🏿:5,🤳:5,🍃:5,🏈:5,🤚:5,🥁:5,🎱:5,🤦🏻:5,🔋:5,🐿️:5,🟨:5,🤛:5,🏫:5,📼:5,🖇️:5,🤷🏼‍♂️:5,🇨🇷:5,🏡:5,🍷:5,♏:5,💭:5,🔛:5,🥸:5,🍿:5,😯:5,❤‍🩹:5,🔉:5,🤘🏼:5,🎃:5,‼:5,🌮:5,🫤:5,🏩:5,🦄:5,🍁:5,🐈‍⬛:5,9️⃣:5,♠️:5,😨:5,🟩:5,🎞:4,🍇:4,🇦🇹:4,🙋🏾:4,⌛:4,🪖:4,📙:4,🤙🏽:4,🇵🇸:4,🚦:4,🩲:4,👷:4,😗:4,👾:4,📕:4,💊:4,🆕:4,🇭🇳:4,🏴󠁧󠁢󠁥󠁮󠁧󠁿:4,🌀:4,🍪:4,🍖:4,😶‍🌫️:4,🫶🏾:4,🤒:4,🇵🇹:4,🌶:4,🙌🏾:4,📦:4,🤘🏻:4,🐐:4,🍦:4,✍🏼:4,⤵:4,🇮🇱:4,🔆:4,🤜:4,🏃:4,🍭:4,🐼:4,🙋🏿‍♂️:4,☑️:4,☁:4,🟦:4,✏️:4,✝️:4,🤕:4,🎖️:4,🥊:4,🫧:4,🟠:4,🕷️:4,🎻:4,🌶️:4,🥉:4,👇🏾:4,🫦:4,🔧:4,🍟:4,🏥:4,✊🏾:4,👠:4,🐒:4,®:4,🍕:4,🛒:4,3⃣:4,🐝:4,🚿:4,💿:4,☝:4,❄️:3,🔖:3,🛡️:3,🇳🇿:3,🏉:3,👷‍♂️:3,🖊️:3,🩹:3,💢:3,🕺🏻:3,🥗:3,🌑:3,👮:3,🦔:3,🌽:3,💅🏻:3,🤷🏾‍♂️:3,🥑:3,⬛:3,🦦:3,☄️:3,🔺:3,🌏:3,🇿🇦:3,🇵🇱:3,🇭🇺:3,🇭🇷:3,🇭🇹:3,🔈:3,🔩:3,👎🏻:3,🙆🏻‍♂️:3,🖐️:3,🐽:3,👄:3,💮:3,🇳🇱:3,🏴󠁧󠁢󠁳󠁣󠁴󠁿:3,🅾:3,🛌:3,🎫:3,🐭:3,🏷:3,👈🏼:3,🍰:3,🧢:3,📶:3,🙆‍♀️:3,👋🏼:3,🍂:3,🚜:3,💁🏻‍♀️:3,👏🏿:3,👆:3,🧓🏻:3,✍🏻:3,👶:3,🐁:3,☁️:3,⬜:3,🌌:3,🪐:3,🕗:3,🙇🏻‍♀️:3,🏅:3,🖕🏻:3,💂‍♂️:3,🪱:3,🚲:3,🇮🇳:3,🎄:3,🏛:3,🥩:3,🍳:3,🤝🏻:3,🦾:3,🎇:3,⁉️:3,🤌🏽:3,🟪:3,🐙:3,👙:3,📏:3,🏨:3,🤏🏼:3,🏋️:3,🦎:3,💪🏾:3,📐:3,🇵🇷:3,👌🏾:3,☝🏿:3,🍲:3,🇳🇬:3,👫:3,⚖:3,🎗:3,🗿:3,🙏🏾:3,🅰:3,🤷🏻:3,🦉:3,🐓:3,〽:3,🦖:3,☘:3,✈:3,🫰:3,8️⃣:3,♟️:3,🤎:3,🐡:3,🙋🏽‍♂️:3,🕐:3,🍯:2,🧪:2,🕸️:2,🌃:2,🔓:2,🩸:2,👮🏻‍♂️:2,🚂:2,🌠:2,👗:2,🩳:2,🏐:2,🦴:2,⛵:2,🛠:2,🧙‍♂️:2,⛈:2,💪🏿:2,🍩:2,🖼:2,🌥️:2,👍🏽:2,🏍:2,🏦:2,♍:2,♉:2,⬅️:2,🚴‍♂️:2,ℹ️:2,🐋:2,✊🏻:2,🍊:2,🎾:2,🏹:2,👦🏻:2,☣️:2,🌝:2,🥟:2,🚙:2,🏪:2,◀️:2,🚅:2,💂‍♀️:2,🍋:2,💂🏼:2,💳:2,🚇:2,🏛️:2,💂🏼‍♂️:2,💑:2,🪶:2,🍾:2,🚛:2,🏴‍☠️:2,📨:2,🏃‍♀️:2,👧🏼:2,🇻🇳:2,⚰️:2,🐇:2,🇰🇿:2,🔼:2,🦺:2,☀:2,🧍:2,🥛:2,🍓:2,🌥:2,🚚:2,🐈:2,🛣:2,🛵:2,🐚:2,🎽:2,🙆:2,👩‍✈️:2,🛀:2,🦈:2,🚁:2,❕:2,🚓:2,🚭:2,🛎️:2,👸🏽:2,🤰:2,🖥️:2,🚴:2,🧑🏽‍🏫:2,👩🏻‍💻:2,🤴🏻:2,🤷🏽:2,🐳:2,🍙:2,🤰🏻:2,♀️:2,⛪:2,🐖:2,👺:2,🤞🏾:2,👨‍🌾:2,⛅:2,🕙:2,🤸‍♂️:2,🖋️:2,🕰️:2,🚶🏻‍♀️:2,🐛:2,🛸:2,🖐🏻:2,🏃🏻‍♂️:2,😧:2,🎲:2,🐢:2,🍴:2,⛰️:2,👨🏻‍🔧:2,🫰🏼:2,📛:2,🟤:2,🏃‍♂️:2,🏭:2,🌩️:2,👣:2,🪩:2,🤦🏿‍♂️:2,👨‍🏫:2,⛽:2,🤏:2,🚆:2,✍🏽:2,🦪:2,🤦🏼‍♂️:2,🤝🏽:2,🤷🏽‍♀️:2,👨🏻‍💻:2,🤌🏼:2,🥪:2,🙇🏽‍♀️:2,👩‍🔬:2,♿:2,🧍‍♀️:2,🔌:2,🔨:2,🗨:2,☝🏻:2,✴️:2,🏇:2,🎞️:2,🛫:2,👩‍❤️‍👨:2,🐂:2,😙:2,🫰🏽:2,⏪:2,✳️:2,🌵:2,🐆:2,🪴:2,🏳️‍⚧️:2,🇶🇦:2,🔱:2,✒️:2,🪷:2,☔:2,🚗:2,🦭:2,🌄:2,🚵:2,♋:2,🤞🏽:2,⛏️:2,🕳:2,👰:2,🕴🏻:2,💆🏻‍♀️:2,🧘🏻‍♀️:2,🎡:2,👶🏻:2,🎖:2,❤‍🔥:2,👨‍👩‍👦:2,🙉:2,🍐:2,🧬:2,👷🏽‍♂️:2,🕷:2,🚑:2,📘:2,🇰🇷:2,🕑:2,🕕:2,👩:2,💁:2,👔:2,🫥:2,🐑:2,🤲:2,🦢:2,🍬:2,🍽️:2,🛡:2,🌕:2,🍏:2,🍡:2,🔽:2,👯‍♀️:2,🛍️:2,🛰:2,🛣️:2,👏🏾:2,🧑‍🌾:1,🗼:1,⚛️:1,🖖🏻:1,🙋🏾‍♀️:1,🚪:1,⚙️:1,✍:1,👓:1,➖:1,🏰:1,🚴🏼‍♂️:1,🇮🇨:1,🙋🏼‍♀️:1,🦡:1,🅱️:1,❣:1,🇾🇪:1
pt	😭:375,❤️:344,😂:303,🇧🇷:272,🤣:264,😍:238,🥰:233,🥺:209,🔥:182,🤡:155,🚨:153,🥹:124,✨:94,🤔:92,🙏:89,😈:85,🤭:84,😔:83,🥲:83,👍:79,👀:77,😅:77,🤍:75,😎:73,🥵:72,👏:71,💭:71,🤤:69,❤:67,👇:65,😩:64,💛:62,😘:60,😢:59,💖:58,🫶🏻:57,😋:57,💗:57,😁:57,🙏🏻:55,💙:53,🎶:51,🥳:51,📸:48,🤩:48,🫠:47,✅:47,💚:46,💔:45,🙄:45,♥️:45,💜:45,😜:43,🖤:43,😳:39,🎥:39,🎗:38,😱:37,😉:36,🗣:36,🤪:35,🤯:35,💀:35,💞:34,🔴:34,💕:33,🙃:33,🎉:33,☠️:32,👊:32,😀:32,😡:32,🤧:31,😪:31,😏:31,😮‍💨:31,💓:31,🚀:30,🤨:30,😌:30,🫣:30,🙏🏼:30,⚠️:29,💪:29,❌:28,🥱:28,👇🏻:27,❤️‍🔥:27,😓:27,🙏🏽:26,🥴:26,💘:26,🤐:25,🫶:25,🙌:25,🏆:25,2️⃣:24,🙈:24,👍🏻:23,👉:23,🤮:23,🫡:23,😫:22,🤗:22,💰:22,🗣️:22,📽:21,📚:21,⚽:21,😞:20,🔗:20,🫶🏼:20,😊:20,➡️:20,🤬:20,😝:20,❤️‍🩹:19,⚡:19,🙊:19,🤙🏻:19,🤦🏻‍♂️:19,🌹:18,💸:18,🍃:18,🤝:18,💥:18,💪🏻:18,🦅:18,🕊:18,🧿:18,‼️:17,🤑:17,🧐:17,📝:17,📍:17,😒:17,🦋:16,🍁:16,😻:16,☺️:16,🚩:16,🔞:16,👑:16,😆:16,🤏🏻:16,⭐:16,🇦🇷:15,😃:15,🤫:15,💫:15,🙌🏻:15,🎸:15,😤:15,💦:15,🤏:14,📲:14,🙏🏾:14,😵‍💫:14,😛:14,🤘:14,🍆:13,😴:13,😕:13,💋:13,🤙:12,🐮:12,🎗️:12,💍:12,😥:12,⚪:12,🇺🇸:12,🛐:12,😬:12,1️⃣:12,🎊:12,🤢:12,⤵️:12,💵:11,🙌🏼:11,🤦🏻‍♀️:11,©:11,👏🏼:11,😨:11,👏🏻:11,✌️:11,📢:11,😐:11,😄:11,🍻:11,⬇️:11,🤦🏾‍♂️:11,😣:11,😖:10,🎈:10,📌:10,🎬:10,🫶🏽:10,🙌🏾:10,🏴󠁧󠁢󠁥󠁮󠁧󠁿:10,💩:10,🔮:10,🤌🏻:10,🤠:9,☀️:9,🔵:9,🌟:9,☹️:9,⚔️:9,🎵:9,📊:9,🧡:9,🌷:8,🙂:8,😑:8,👉🏻:8,😰:8,🙌🏽:8,🟢:8,🧠:8,🤞:8,🌸:8,⚫:8,💡:8,📈:8,😠:8,🫂:8,🔃:8,🫦:8,😲:7,😚:7,🌻:7,💪🏾:7,🧶:7,🔊:7,😶:7,🤟:7,🌴:7,😗:7,🏁:7,🗓️:7,🦁:7,🔎:7,🫰:7,🤷🏻‍♂️:7,👇🏽:7,💪🏼:7,🐻:7,🎂:7,🤦‍♀️:7,🎆:7,👎:7,👌:7,📺:7,😼:7,3️⃣:7,🫀:7,🤌:7,🍺:7,📹:7,✌🏻:7,💣:7,🦀:7,🐙:6,🤏🏼:6,🛒:6,🗿:6,🎤:6,😟:6,🐹:6,🌼:6,🐰:6,📰:6,❗:6,🎯:6,🏟:6,🤘🏻:6,🌪:6,🍷:6,🎼:6,🥋:6,🇵🇹:6,🍿:6,💬:6,🆘:6,♥:6,🚫:6,🌙:6,👆:6,🤦‍♂️:6,🐒:6,📖:6,☑️:5,🔹:5,👏🏾:5,🤝🏻:5,▶️:5,🟡:5,🏖:5,❓:5,🤦🏽‍♀️:5,🥛:5,🍞:5,🧵:5,🎧:5,🏀:5,🫢:5,🥶:5,👙:5,🤷‍♀️:5,🤦:5,👍🏼:5,✔️:5,🗳:5,🫤:5,🎮:5,🔄:5,📷:5,🥇:5,⏰:5,🅰️:5,💅:5,🇪🇪:5,🙏🏿:5,🎟:5,🤌🏾:5,🥃:5,🐍:5,👈:5,💎:5,👇🏼:4,📱:4,💯:4,🥀:4,💐:4,😿:4,🤦🏾‍♀️:4,🌎:4,👋🏻:4,👈🏻:4,🐿️:4,🔁:4,🤦🏽‍♂️:4,🐕:4,😹:4,🤕:4,👺:4,🍂:4,🗞:4,🖕🏻:4,☝️:4,🍀:4,🥸:4,💪🏽:4,🐱:4,✝️:4,👏🏽:4,🫶🏾:4,📽️:4,👹:4,💤:4,😙:4,🇩🇪:4,📣:4,👤:4,👅:4,🫵:4,🪷:4,🆚:4,💨:4,🎡:4,💃:4,🐾:4,👊🏼:4,🤞🏻:4,☄️:4,😮:4,🎇:4,🟤:4,🦊:4,🔪:4,🤙🏽:4,💟:4,2⃣:4,🤦🏼‍♀️:4,🎁:4,0️⃣:3,🐯:3,☕:3,✊🏽:3,📏:3,🌞:3,🫰🏻:3,🌕:3,🚲:3,🐿:3,✈️:3,🐧:3,™️:3,💻:3,😵:3,🫰🏽:3,🤒:3,🎙️:3,😇:3,🌺:3,🤷🏻‍♀️:3,🪴:3,🍔:3,🥑:3,🍫:3,🌧️:3,🗓:3,🇫🇷:3,⛽:3,👩🏻‍❤️‍👨🏻:3,™:3,🗳️:3,🇺🇦:3,🚗:3,🏟️:3,🐈‍⬛:3,🏠:3,🤦🏽:3,🍓:3,👇🏾:3,🟣:3,🌊:3,📄:3,🏐:3,🌵:3,🤟🏼:3,🇻🇪:3,🕯:3,🍑:3,🇷🇺:3,🤙🏼:3,🔛:3,💌:3,🎠:3,↪️:3,🤴🏻:3,✊:3,🧸:3,🤷🏾‍♀️:3,👽:3,👻:3,🩸:3,🟥:3,🙅‍♂️:3,💳:3,❣️:3,👁️:3,🌈:3,🗞️:3,🏅:3,🦇:3,⏹:3,🏴:3,🎨:3,😶‍🌫️:3,🫶🏿:3,🎙:3,📻:3,👁:3,🐉:3,📎:3,🌠:3,🇦🇹:3,🤌🏽:3,👎🏻:3,🎩:3,🥅:3,▪:2,🙋🏻‍♂️:2,🔉:2,🤷‍♂️:2,🍇:2,🍪:2,😺:2,🏳️‍🌈:2,✍️:2,🟩:2,🤓:2,😧:2,🫥:2,⬆️:2,🥕:2,❤‍🩹:2,🇮🇱:2,🐥:2,📆:2,🟨:2,☠:2,🌌:2,👍🏽:2,🕊️:2,🤝🏽:2,👋:2,🌬:2,👌🏻:2,💝:2,👍🏿:2,🎀:2,🐨:2,🛫:2,👭:2,🔐:2,🐺:2,🤖:2,🍌:2,🐸:2,😾:2,🇨🇵:2,🖼️:2,🦕:2,👎🏾:2,👋🏽:2,🇳🇱:2,✖️:2,📥:2,🇨🇺:2,🇹🇭:2,©️:2,🚂:2,🚑:2,🤦🏾:2,⚰️:2,🍭:2,🐶:2,☎️:2,🧙🏻‍♂️:2,📉:2,🪐:2,🇲🇽:2,🃏:2,👉🏾:2,✍🏾:2,🐐:2,🪬:2,🤛🏾:2,🥊:2,👿:2,🐀:2,📔:2,🎪:2,💆🏽‍♀️:2,🌤️:2,🌚:2,🧺:2,🇾🇪:2,🌍:2,🌱:2,🧘🏻‍♀️:2,🤎:2,💃🏻:2,🐝:2,🫰🏼:2,☯️:2,🤘🏼:2,🤚:2,🍎:2,🍏:2,🎭:2,🎰:2,✍🏻:2,🇦🇺:2,🤘🏾:2,🇬🇧:2,👄:2,🇺🇲:2,♠️:2,🤚🏻:2,✌🏾:2,🤞🏿:2,🌐:2,🤦🏼‍♂️:2,🇧🇪:2,ℹ️:2,🙇🏽‍♂️:2,🤷:2,🙇🏽‍♀️:2,🥚:2,🏍:2,🤞🏽:2,🎫:2,💠:2,🔂:2,🇹🇷:2,🥷:2,💁‍♀️:2,🙅🏻‍♂️:2,✈:2,🧤:2,☔:2,✌🏼:2,🍕:2,🏌️:2,🤲🏻:2,👍🏾:2,🚔:2,🖇️:2,⚒️:2,✋:2,✊🏼:2,🤷🏽‍♀️:2,💧:1,🔫:1,🖕🏼:1,👟:1,🔈:1,4️⃣:1,👋🏼:1,🦵:1,🍽:1,☝🏼:1,🤷🏼‍♀️:1,🙋‍♂️:1,💑:1,💏:1,🦑:1,🤷🏾‍♂️:1,🧞‍♂️:1,👩‍👧:1,🤌🏼:1,🇧🇼:1,🐇:1,🧌:1,🔜:1,♻️:1,📗:1,🇺🇾:1,🇸🇪:1,🇨🇮:1,💲:1,⬛:1,8️⃣:1,👩‍🦯:1,🕳:1,📇:1,🖕🏿:1,🪦:1,🧘🏽‍♀️:1,⏲️:1,🕒:1,👨🏽‍💻:1,🥎:1,🤙🏾:1,👊🏻:1,🌿:1,🧚‍♀️:1,🪒:1,🪨:1,💅🏿:1,🧙‍♀️:1,🗑:1,🍦:1,🤏🏽:1,❣:1,🇮🇹:1,🪅:1,👊🏽:1,🇨🇳:1,Ⓜ️:1,⚔:1,🆓:1,👾:1,🌝:1,🍬:1,🛸:1,🕶:1,🐎:1,🐢:1,📨:1,🦶🏼:1,✍:1,⛹️‍♂️:1,🛡️:1,🎞️:1,📼:1,🤝🏼:1,✋🏽:1,🤚🏽:1,🇪🇸:1,🫰🏾:1,👌🏼:1,🌶:1,👨‍💻:1,🐈:1,😽:1,✍🏽:1,🦉:1,🌩:1,👎🏽:1,🤲:1,🇸🇳:1,⏱:1,⛑️:1,🫧:1,❄️:1,🤴🏾:1,🥓:1,🦆:1,🧎🏻‍♂️:1,🦄:1,🧇:1,🧁:1,🇵🇱:1,🏽:1,🏋️:1,♂️:1,🤾‍♂️:1,🤾‍♀️:1,🎚:1,🙋‍♀️:1,🦾:1,🇨🇴:1,🇮🇪:1,🎅🏻:1,🫐:1,🏃🏻‍♀️:1,☺:1,🧨:1,🤷🏿‍♂️:1,🇿🇦:1,🇦🇴:1,🌒:1,🌆:1,✊🏾:1,🖐:1,👎🏼:1,♀️:1,🛍:1,🌋:1,🤥:1,🦢:1,🫵🏻:1,✉️:1,🗒️:1,🌳:1,🙆🏾‍♂️:1,♦️:1,📅:1,🔝:1,💆🏽‍♂️:1,⚖️:1,💄:1,🍒:1,👨🏿‍🍼:1,🪁:1,💁🏻‍♂️:1,💁🏻‍♀️:1,👸:1,🤴:1,✊🏿:1,🎲:1,🎖:1,🤜🏾:1,🤟🏻:1,🙉:1,🏙️:1,🪙:1,🧑‍💻:1,👯:1,🙅🏾‍♀️:1,🐞:1,🙇🏻:1,👼:1,🏳️:1,🐳:1,👶🏼:1,🏋🏻‍♀️:1,👉🏼:1,☃️:1,🧢:1,🕺:1,🇷🇸:1,🚘:1,🤲🏾:1,🇬🇷:1,🌏:1,🙅🏾‍♂️:1,🥥:1,👫:1,🤘🏽:1,🖼:1,✌🏽:1,🫱🏽‍🫲🏻:1,🔔:1,🛩️:1,🌅:1,🪜:1,🕷:1,🤷🏼‍♂️:1,🍹:1,🟧:1,☁️:1,✊🏻:1,👉🏽:1,💆🏾‍♀️:1,🙅🏻‍♀️:1,💴:1,👩‍❤️‍💋‍👨:1,🧛🏻‍♀️:1,🦴:1,🔰:1,▫️:1,🦖:1,❔:1,®:1,🥈:1,🥉:1,📿:1,1⃣:1,0⃣:1,💉:1,🙋:1,💅🏼:1,🔒:1,👸🏻:1,🚶🏻‍♀️:1,👶🏾:1,⏸:1,📀:1,🤲🏽:1,🏹:1,🕥:1,➡:1,🗯:1,🍥:1,☝:1,⚓:1,🛁:1,☝🏽:1,🏖️:1,🏌️‍♂️:1,❄:1,⭕:1,💃🏾:1,👩🏻‍❤️‍👨🏼:1,🥤:1,🇻🇮:1,🤱:1,▶:1,🏷️:1,🔓:1,🙇🏻‍♀️:1,🔇:1,🇳🇴:1,🎺:1,🥁:1,🎃:1,💁🏿‍♂️:1,🙅🏽‍♀️:1,⛳:1,⏭️:1,🧱:1,🌶️:1,🖕:1,🇰🇿:1,🌭:1,🪡:1,💢:1,🧙‍♂️:1,💷:1,🤷🏽‍♂️:1,🛹:1,🤙🏿:1,🐲:1,🎾:1,🇩🇿:1,🙇🏾‍♂️:1,🧏🏽‍♂️:1,🧏🏻‍♀️:1,🤳🏻:1,🤛:1,🤜:1,▪️:1,🩹:1,🥟:1,🧏🏾‍♀️:1,🇨🇱:1,😸:1,😷:1,🇵🇸:1,💃🏼:1,🌫:1,🍯:1,👋🏾:1,⚠:1,🐊:1,🔩:1,🌾:1,💃🏽:1,👩🏻‍❤️‍💋‍👨🏻:1,🏝️:1,🅱️:1,🛥:1,🆙:1,🚬:1,⌚:1,🥣:1,🤺:1,🙅:1,🦞:1,📁:1,🧛🏼‍♀️:1,👩🏻‍❤️‍💋‍👨🏽:1,🧛🏽:1,📦:1,🇧🇭:1,🖇:1,☮:1,🏜:1,⛅:1,🏳:1,🚓:1,🍼:1,🅾️:1,🅿️:1,♎:1,🇪🇦:1,👩‍👦:1,✌:1,🍤:1,🧏🏽‍♀️:1,🍰:1
th	🥹:474,😭:423,🥺:408,😂:246,✨:243,🤍:210,❤️:201,🫶🏻:188,🤣:185,🔥:183,🥰:153,✅:149,💦:148,💖:121,💚:111,🫠:104,💙:100,🤏🏻:95,👉:91,⚠️:88,🤭:81,🥲:81,😍:79,💗:79,☺️:79,💜:77,💕:76,😳:75,🎉:75,📌:68,🙏🏻:66,🙏:64,😅:62,‼️:62,😆:61,❤️‍🔥:59,🧡:58,🌈:54,🆔:52,📍:52,😊:51,🐰:51,😘:47,😁:46,🐶:44,🫣:43,🌟:43,🫶:43,❌:41,✌🏻:40,👑:40,👇:37,🐱:36,📲:36,💓:36,💸:33,👉🏻:33,⭐:33,😛:33,🎂:33,👀:32,🎀:32,🌻:31,😝:31,🤤:31,❤:30,😎:29,🫧:28,💥:28,🖤:28,🥳:28,🍼:27,🌷:27,📢:26,♻️:25,🤲🏻:24,😔:24,⚡:24,😚:23,💯:23,☁️:23,♾:23,🙇🏻‍♀️:23,😋:23,💫:23,🎁:23,🤟🏻:23,☀️:22,🤗:22,💛:22,🧧:22,💨:22,🤩:21,🤔:21,♥️:21,💰:20,👈:20,🦋:19,🙈:19,👇🏻:19,🥴:19,✔️:18,😌:18,🎊:18,🤧:18,🔞:18,🍑:18,🏆:17,🌼:17,🌝:17,🚨:17,🍀:17,💋:17,😱:16,➖:16,🤏:16,💔:16,👍:15,💘:15,📸:15,🔮:15,🍇:15,😜:15,🤟:14,💞:14,😄:14,🌸:14,📣:14,❄️:14,😰:13,🗓:13,😢:13,😉:13,💐:13,🔗:13,👅:13,❗:13,💌:13,✌️:13,🇯🇵:13,👍🏻:13,🍌:13,👤:13,🎰:13,🖇:13,👏🏻:12,😙:12,💎:12,👏:12,🌙:12,▶️:12,❕:12,🥵:12,🦊:11,😻:11,🥛:11,🇹🇭:11,🐯:11,🧸:11,🪐:11,🌴:11,🍦:11,😴:11,⛔:11,🫶🏼:11,🌑:11,😗:10,💅🏻:10,🌚:10,🌏:10,🤑:9,😫:9,🐨:9,🌊:9,⬇️:9,📎:9,👶🏻:9,🎥:9,🕉:9,🔁:9,🧐:9,🚗:9,😏:9,🐈‍⬛:9,🎶:9,👇🏼:9,🐻:9,🛁:9,〰️:9,😬:9,🔻:8,🛒:8,😼:8,🏃‍♀️:8,👌:8,🐧:8,💪:8,📚:8,🪄:8,🧴:8,🎮:8,⏰:8,‼:8,💧:8,📮:8,😞:8,🚀:8,🍆:8,🐍:8,😤:7,😡:7,❣️:7,😖:7,👧🏻:7,👥:7,🎲:7,➡️:7,🍊:7,☑️:7,🎬:7,🎨:7,🎯:7,📦:7,💢:7,🎏:7,🫢:7,🙊:7,🐾:7,🎖:7,🍃:7,🥶:7,🤪:7,🐚:7,💝:7,🤫:7,😣:7,🙏🏼:7,🎤:7,🫵🏻:6,🔐:6,🐺:6,😩:6,😮‍💨:6,😾:6,🔸:6,🎧:6,🧚‍♀️:6,🌺:6,🔴:6,🏡:6,✌:6,🤦🏻‍♀️:6,☺:6,🌳:6,🥱:6,📝:6,🌋:6,🔃:6,🐈:6,🍾:6,🔜:6,💿:6,🔱:6,🔰:6,☹️:5,▪️:5,💅:5,🙄:5,🎄:5,✈️:5,🙇‍♀️:5,🐻‍❄️:5,🛹:5,🙌🏻:5,🌧:5,©️:5,🙌🏼:5,🤎:5,🔄:5,❎:5,🆕:5,🎈:5,🍅:5,🍋:5,🔹:5,🥸:5,😿:5,💬:5,💪🏻:5,😓:5,1️⃣:5,0️⃣:5,🤬:5,🤏🏼:5,▶:5,✔:5,🤖:4,🏖:4,⬆️:4,🧃:4,🐷:4,🖼:4,🦒:4,♟:4,👚:4,🦖:4,😲:4,💃🏻:4,🪷:4,🙋🏻:4,🛫:4,🍒:4,🔔:4,⚽:4,🌞:4,💟:4,🐼:4,💉:4,🫰🏻:4,🧁:4,🙉:4,🏔:4,💍:4,🗡️:4,📞:4,😹:4,⛅:4,🙃:4,🍰:4,🎟:4,📺:4,⭕:4,🗡:4,☝🏻:4,😽:4,🍟:4,👋🏻:4,😵‍💫:4,🙂:4,🌍:4,🐢:4,🕰:4,🌌:4,♠️:4,😥:4,🌘:3,🥊:3,🛑:3,💵:3,🥃:3,🐟:3,🐹:3,👄:3,♥:3,🍉:3,🏕:3,🤷🏻:3,🕐:3,🐥:3,🦮:3,🤜🏼:3,🤛🏽:3,📅:3,🍡:3,🌹:3,📽:3,❤️‍🩹:3,🥨:3,✖️:3,✌🏼:3,🍻:3,🙋‍♀️:3,👼🏻:3,🧼:3,🇨🇭:3,😑:3,😇:3,🎞:3,🤨:3,🤘🏻:3,🛍:3,✏️:3,🛻:3,🥂:3,⏱:3,💭:3,🧚🏻:3,🏀:3,🚩:3,☄️:3,😃:3,🇰🇷:3,🖐🏻:3,🗳:3,👊🏻:3,😀:3,🤜🏻:3,🐮:3,🍭:3,☘️:3,▫️:3,⛱️:3,🤌🏻:3,💤:3,👈🏻:3,🔫:3,🍓:3,🍄:3,😠:3,⏱️:3,🧩:3,🌐:3,🤠:3,👉🏽:3,🚦:2,😈:2,🅱️:2,#️⃣:2,👩🏻‍💻:2,⛓:2,🩸:2,🧬:2,🗝️:2,🔒:2,🌶:2,👁:2,🫂:2,🍬:2,👛:2,🍥:2,🙋🏻‍♀️:2,✊🏻:2,🧽:2,✳:2,🍔:2,🍗:2,🌭:2,🆓:2,🆚:2,♂️:2,♀️:2,🐿:2,👎🏻:2,📑:2,🔆:2,🐇:2,🚫:2,👸:2,👾:2,🐀:2,🐁:2,🦉:2,🙏🏽:2,🏃:2,☃️:2,🏠:2,🎸:2,👦🏻:2,🌅:2,👶:2,❓:2,🖖🏻:2,🌱:2,🛡️:2,❄:2,💂‍♀️:2,1⃣:2,🤲:2,🤓:2,⚜️:2,🇨🇳:2,🕯:2,🦄:2,🏷:2,🛎:2,🔘:2,🍕:2,🥦:2,🩰:2,📬:2,🤛🏻:2,🐤:2,🎓:2,🕶:2,🍫:2,😵:2,📷:2,🦁:2,♾️:2,👩‍🎓:2,🕹:2,🧺:2,🎠:2,🚰:2,🌶️:2,💪🏼:2,⌚:2,🧊:2,🐽:2,🌛:2,🌲:2,🫡:2,🦝:2,🪙:2,💀:2,🥝:2,🔺:2,🙇🏻:2,🍧:2,🫰:2,😒:2,🐣:2,🐬:2,🟩:2,😶:2,😪:2,👐🏻:2,🫤:2,🌬:2,🤙🏻:2,👌🏻:2,🏳️‍🌈:2,📖:2,🤡:2,😕:2,🖕🏻:2,💡:2,🚘:2,👹:2,✍🏻:2,👩🏻‍🍼:2,🌕:2,🎫:1,💆🏻‍♀️:1,✈:1,👟:1,🧚🏻‍♂️:1,🦀:1,🤦‍♂️:1,🫕:1,🎌:1,🪩:1,🕺:1,🍎:1,🥢:1,🐞:1,🫅🏼:1,🤷‍♂️:1,😶‍🌫️:1,🖐:1,🎡:1,👗:1,💁🏼‍♀️:1,🇱🇦:1,🐿️:1,👩🏻‍🌾:1,🧑🏽‍🦲:1,🪖:1,🎱:1,🏃‍♂️:1,🧙:1,🧙‍♀️:1,➕:1,🧋:1,✋🏻:1,🕉️:1,🙆‍♀️:1,👸🏻:1,🗓️:1,🐙:1,🏎:1,🐄:1,🎼:1,😸:1,🌇:1,👿:1,🎵:1,🍺:1,🥄:1,✳️:1,🥤:1,💻:1,💒:1,🧾:1,🧤:1,☔:1,🪵:1,👉🏿:1,🤯:1,💣:1,🗝:1,👮🏻‍♀️:1,🏊🏻‍♂️:1,🪨:1,🍿:1,👬:1,🛼:1,🙋‍♂️:1,⚠:1,🍂:1,👖:1,🆙:1,🧚🏻‍♀️:1,♻:1,✉️:1,🏢:1,🏟:1,🥞:1,🏁:1,🪚:1,🤟🏾:1,🍽:1,©:1,😨:1,🐦:1,💲:1,🏮:1,⬇:1,💴:1,⬆:1,🛀🏻:1,🪅:1,🙇:1,🗣️:1,🆗:1,💷:1,🔋:1,🚑:1,💆🏻:1,🗻:1,🛸:1,🛰:1,🖥:1,🔎:1,🖐️:1,📆:1,🥜:1,🍪:1,👏🏼:1,🕷️:1,🫒:1,🕷:1,🟢:1,🦚:1,🦞:1,🙇🏽‍♀️:1,🪔:1,🎎:1,🍞:1,🧈:1,☀:1,🚸:1,🚚:1,📥:1,👫:1,◾:1,🌖:1,🫔:1,🦈:1,🌜:1,🏹:1,🔖:1,🧑🏼‍⚕️:1,👼:1,👨‍⚕️:1,🏥:1,🐓:1,🥩:1,🈶:1,👍🏿:1,🌃:1,☄:1,™:1,🐳:1,💊:1,🚢:1,📏:1,👱🏼‍♂️:1,🥟:1,🕕:1,🫵:1,🐸:1,🕶️:1,🩹:1,🩺:1,2⃣:1,🤌:1,®️:1,🍜:1,🍤:1,🥣:1,🪸:1,🌨:1,☃:1,🧀:1,🐋:1,⌛:1,👩🏻‍❤️‍👩🏻:1,2️⃣:1,🎋:1,🍷:1,🍵:1,🙇🏻‍♂️:1,🤢:1,🚲:1,🎹:1,👩🏼:1,🍣:1,➿:1,🍯:1,🧑🏻‍🎓:1,👩‍❤️‍👨:1,🥬:1,🥭:1,🎷:1,5️⃣:1,🧵:1,💃:1,🧏🏻‍♂️:1,⚔️:1,▪:1,👩🏻‍🤝‍👩🏼:1,🫵🏼:1,🧔:1,⛽:1,📜:1,◻️:1,◼️:1,✌🏾:1,🖕:1,🥪:1,💶:1,📹:1,🍨:1,⛄:1,🔅:1,🛵:1,🕊️:1,🎙️:1,👣:1,⚧️:1,🏵️:1,👽:1,◀️:1,📱:1,👙:1,®:1,🥚:1,🐉:1,🚛:1,♀:1,🚺:1,🍙:1,🖇️:1,⚒️:1,🖱️:1,🇫🇷:1,🦙:1,🐕‍🦺:1,🤒:1,🥓:1,🥀:1,🏩:1,✋:1,🌄:1,🛩:1,🏋️‍♂️:1,🏋️:1,🏋️‍♀️:1,🐕:1,🕑:1,🐡:1,😯:1,🧨:1,🟧:1,🕊:1
tr	❤️:509,🇹🇷:389,🐷:331,😂:274,🔥:147,📌:113,😎:109,🤣:100,😁:99,💙:93,🙏:89,😍:85,🥰:79,🤍:75,✅:73,💛:72,🥺:65,📍:65,✨:64,😒:62,👏:60,😅:60,💥:57,👇:57,😊:55,👉:52,🥹:51,💜:51,🧿:51,🎁:50,🥳:50,😭:48,☺️:48,🤔:47,😀:47,🌸:45,💗:45,❤:44,🤦‍♀️:44,💯:43,👍:42,❤️‍🔥:42,♥️:40,😘:40,😉:40,🤲:40,🥲:39,💖:39,❗:38,🙃:38,😔:37,😄:36,💫:36,☕:36,🌹:35,🖤:34,💕:33,🤗:33,💋:32,‼️:32,😯:32,😏:30,🦋:30,🙏🏻:28,🥂:27,🎋:26,😢:26,🤩:26,😋:25,🍀:25,🫶🏻:24,🎯:24,👑:24,📢:23,🤭:22,🙈:22,1️⃣:22,♦️:21,😬:21,🔴:21,🙄:21,🧡:21,🫶:20,🚀:20,😃:20,💘:20,🤐:20,☑️:19,🌻:19,🤪:19,😡:19,😨:19,⚡:18,🫰🏻:18,💐:17,🔗:17,😛:17,🎉:17,🙂:17,▪️:17,💓:17,🚣‍♀️:17,🌼:16,💪:16,🌲:16,🥀:16,💚:16,💞:16,🎀:16,➡️:15,⏰:15,👍🏻:15,💔:15,👈:15,😌:15,🍷:15,🥵:15,9️⃣:15,⚠️:15,😮:15,✌️:14,🛑:14,☀️:14,😵‍💫:14,2️⃣:14,😜:14,😵:14,🌙:14,🤤:13,😧:13,🎶:13,4️⃣:13,🌷:13,⁉️:13,🔻:12,🦅:12,🤨:12,⭐:12,👏🏻:12,😞:12,🤓:12,5️⃣:12,☝️:12,☎️:12,💰:12,🤘:11,✔️:11,🤮:11,✍️:11,👆:11,🤧:10,🕊:10,🚨:10,🍑:10,🎈:10,👊:10,🗣:10,⚓:10,⚽:9,🍁:9,🙋‍♂️:9,👌:9,😝:9,📅:9,🗓:9,👇🏻:9,😇:9,5⃣:9,3⃣:9,⬇️:8,🎊:8,🌺:8,😐:8,💎:8,🤝:8,🍂:8,🐅:8,😲:8,☺:8,📲:8,👀:8,🤥:8,🤢:8,💌:8,🌱:8,8️⃣:8,🌊:8,🔵:7,🟡:7,🎧:7,🤡:7,🤌:7,❓:7,🧐:7,🌟:7,▶️:7,😈:7,🥴:7,😤:7,0️⃣:7,😻:7,🔸:7,🌿:7,🐺:7,6️⃣:7,🌾:6,😩:6,🫂:6,🚬:6,🍃:6,🙋:6,😥:6,🔹:6,💝:6,✌:6,🐞:6,🫀:6,👉🏿:6,👈🏻:6,🙏🏼:6,❣️:6,🫠:6,🌈:6,💡:6,✍🏻:6,👉🏻:6,🥸:6,‼:6,📸:5,⚔:5,💸:5,☘️:5,💵:5,✌🏻:5,🇦🇿:5,❌:5,😚:5,✔:5,😆:5,💅:5,📣:5,🌳:5,💦:5,🐗:5,🎙️:5,🤠:5,🔞:5,🥶:5,🙁:5,👋:5,🦁:5,🧚🏻‍♀️:5,😠:5,🐖:5,🫣:5,✈️:5,💁🏼‍♀️:5,👋🏻:5,🗣️:5,😱:5,💮:5,😓:5,〰️:5,👅:5,📡:4,💀:4,💠:4,😳:4,🎬:4,⏳:4,🔶:4,🤦:4,✏️:4,🌍:4,🎗️:4,🦄:4,🔔:4,🤷🏻‍♀️:4,🤬:4,🟢:4,🤕:4,💃:4,🤷‍♀️:4,😰:4,🤦🏻‍♀️:4,🐴:4,📷:4,📚:4,⚖️:4,🇺🇸:4,✋:4,📈:4,🟩:4,😪:4,🔄:4,🐣:4,😹:4,🤟🏻:4,3️⃣:4,😽:4,🙌:4,🐽:4,💅🏻:4,🙋🏼‍♀️:4,📩:4,🧚‍♀️:4,🤝🏻:4,☠️:4,🐥:4,🛩:4,🫴:4,1⃣:4,🫦:4,🤲🏻:4,🏹:3,🔅:3,😗:3,🔷:3,🤦‍♂️:3,✊:3,🅰:3,🍓:3,🌵:3,📞:3,®:3,🤏🏻:3,😣:3,🫧:3,😷:3,👎:3,🤯:3,🦝:3,▶:3,🕺:3,🔊:3,👍🏿:3,🧠:3,🫵:3,🙋🏻‍♀️:3,▪:3,👼🏻:3,🍺:3,🤫:3,⚜️:3,😿:3,🧚🏼‍♀️:3,🇩🇪:3,🤷:3,👸:3,👼:3,😕:3,💬:3,🪐:3,⚪:3,🍇:3,👇🏾:3,👨‍🔬:3,📺:3,🌝:3,♥:3,👉🏼:3,🍒:3,🤙:3,😮‍💨:3,❤️‍🩹:3,🛐:3,🥃:3,✈:3,🎰:3,🐎:3,🥒:3,🆚:3,🕤:3,🤎:3,🗯️:3,🎥:3,📱:3,✴️:3,🙊:3,🏡:3,🌴:2,👎🏻:2,🌅:2,🪷:2,™:2,🇳🇱:2,💪🏻:2,🖊:2,🟣:2,♻️:2,👇🏼:2,🤷‍♂️:2,🍎:2,🦊:2,🇵🇰:2,💧:2,🔰:2,🎲:2,😦:2,🎙:2,🥁:2,❕:2,🐬:2,🦧:2,🐾:2,🏀:2,🤑:2,⬆️:2,⤵️:2,↘️:2,🆎:2,🇦🇷:2,💶:2,⚜:2,🤚:2,🏃🏼‍♀️:2,🤦🏼‍♀️:2,🐈:2,😑:2,✳️:2,🏁:2,🎸:2,🎹:2,🇦🇪:2,➖:2,🍻:2,🍯:2,🍉:2,🌞:2,👌🏻:2,🐳:2,🐶:2,🚎:2,🇬🇷:2,🦢:2,🤝🏼:2,🌀:2,💃🏻:2,🖐️:2,🎨:2,💩:2,㊗️:2,👗:2,☹️:2,👯‍♀️:2,🪙:2,⚙️:2,😼:2,📝:2,🖐:2,♏:2,📰:2,✍🏼:2,🙆‍♀️:2,🍍:2,📃:2,🐩:2,👈🏼:2,🪴:2,◾:2,🌐:2,🪬:2,🤟:2,📖:2,🏃‍♀️:2,🟥:2,🍅:2,🍸:2,🌩️:2,🙋‍♀️:2,💢:2,💇:2,🏠:2,💪🏼:2,⚫:2,😟:2,©:2,🥇:2,⏱️:2,🤷🏼‍♀️:2,🖊️:2,🍭:2,👄:2,🎭:2,⛔:2,🦶:2,🦵:2,🆘:2,🕊️:2,👮‍♂️:2,🐝:2,⌛:2,🍆:2,⏩:2,⏪:2,🎂:2,☝🏻:2,↙️:1,🗽:1,❤‍🩹:1,🙏🏾:1,🏐:1,🍌:1,🌋:1,❄️:1,🐯:1,🍰:1,🧑🏻‍🦱:1,📽️:1,⭕:1,🛎:1,🏵:1,🥅:1,🧊:1,📯:1,📶:1,🔂:1,👾:1,👰🏻‍♀️:1,🇦🇱:1,🍔:1,👩‍💻:1,🤏:1,☁️:1,🧪:1,🌪️:1,🐆:1,✊🏻:1,🔙:1,🌚:1,🤷🏼‍♂️:1,❇️:1,🛍️:1,🪩:1,👣:1,🤦🏼‍♂️:1,👻:1,📆:1,🐑:1,🇳🇬:1,🎻:1,🏋️‍♀️:1,🍥:1,🏛:1,🏺:1,♾:1,🚘:1,🙅🏻‍♂️:1,🦡:1,📘:1,🗳:1,🐂:1,🎺:1,🩸:1,💳:1,✌🏼:1,🍩:1,🙆:1,✒️:1,✍:1,🧑🏻‍🏫:1,👩🏻‍🏫:1,🫶🏼:1,🤦🏻‍♂️:1,✋🏻:1,🌧️:1,🌬️:1,😙:1,🐄:1,🧵:1,📹:1,🗞️:1,🚴‍♂️:1,🗓️:1,🕕:1,🏷️:1,🐮:1,📜:1,✏:1,🖋:1,👍🏽:1,🖥:1,🦍:1,⛽:1,🪂:1,🌁:1,🖖:1,🐹:1,🕵️‍♂️:1,🏍:1,🧚:1,👐:1,🤘🏻:1,💪🏽:1,❣:1,🙏🏿:1,🐁:1,🪦:1,🥝:1,📊:1,🦘:1,🚂:1,👥:1,🍨:1,⏱:1,7️⃣:1,🖼️:1,🦎:1,🕷:1,🦩:1,🤙🏻:1,🦉:1,🎤:1,🐔:1,♾️:1,🍄:1,🏵️:1,🐻:1,👹:1,🦂:1,👏🏽:1,💪🏿:1,💹:1,🌦:1,🌧:1,🦈:1,👬:1,🏃‍♂️:1,👫:1,🇪🇺:1,🐒:1,🍫:1,🇰🇵:1,🌕:1,🏞️:1,➕:1,🥜:1,💅🏼:1,👩🏻‍❤️‍💋‍👩🏼:1,🇺🇾:1,🇧🇪:1,🌠:1,🕣:1,👪:1,🙀:1,🇫🇷:1,🚷:1,🎎:1,🪅:1,🇱🇾:1,🟠:1,🛩️:1,💤:1,💭:1,〽️:1,🦿:1,👩‍🏫:1,🏃🏻‍♀️:1,🔐:1,🍼:1,😫:1,🎓:1,🪄:1,🙌🏻:1,🇺🇦:1,🛫:1,🛸:1,🚁:1,✊🏼:1,📻:1,🤲🏽:1,🔫:1,🙎🏻‍♀️:1,🌶️:1,🫰:1,✴:1,🚴🏾‍♂️:1,🏃🏽‍♂️:1,👵:1,🥱:1,😴:1,🙋🏼‍♂️:1,🍏:1,🫑:1,🧍🏻:1,☪️:1,🏆:1,🚴🏻‍♂️:1,🖱:1,🕐:1,🍹:1,🤸🏻‍♀️:1,🪃:1,🌪:1,💲:1,🕙:1,🟨:1,🤹🏻‍♀️:1,⬜:1,😶‍🌫️:1,🔺:1,♠️:1,🤦🏽:1,🫡:1,🤞:1,🧎‍♀️:1,⚔️:1,🧯:1,🇵🇸:1,🐇:1,🇫🇲:1,🌑:1,😶:1,🎼:1,👇🏽:1,👍🏼:1,🐢:1,▫️:1,📎:1,🍕:1,🤾:1,🤼‍♀️:1,⛹️‍♀️:1,🏋:1,🫶🏽:1,🦜:1,🤞🏻:1,🚜:1,🇬🇧:1,🙉:1,💣:1,🇹🇳:1,🐚:1,🚇:1,⬛:1,☘:1,🌃:1,🧍‍♀️:1
ko	🌕:664,🥹:201,💙:175,💜:169,❤️:136,🥰:117,🫶🏻:115,💚:108,✨:107,✍️:105,🥺:105,🔗:101,🤍:96,💕:96,📸:95,😆:81,🔥:80,🐶:78,🐰:75,😭:74,💗:74,❤:70,💛:67,🥲:63,😍:60,😃:59,😊:56,🎉:56,💖:55,🫶:54,👍:54,🖤:52,🐹:50,❤️‍🔥:49,🐱:49,♥:46,😘:46,😇:44,☺️:42,🎥:40,🫠:40,▶:39,❣:36,‼️:34,👉:33,📢:32,🐿:30,😂:30,🍒:29,🐥:28,🎁:27,🤭:27,⭐:27,❌:27,💌:26,🌙:26,😎:26,🧡:26,💓:24,🎂:24,🏆:24,🔆:24,♥️:23,👀:23,👇:23,🙏:23,❣️:22,🤣:22,📺:22,🍀:21,⭕:21,❗:21,😉:20,💞:20,💐:20,🎶:20,💧:19,🎤:19,🦊:19,📌:18,🗓:18,🍹:18,⁉️:18,✔️:17,🐻:17,🤤:17,🌟:17,🐨:17,☹️:17,☀️:17,🫧:17,🥳:17,😳:17,🌸:16,👋:16,▶️:15,🎬:15,🌹:15,👤:15,✈️:15,🤎:14,🙏🏻:14,🌼:14,🤗:14,💥:14,📷:13,🐾:13,😅:13,➡️:13,😚:13,😢:13,🎵:13,🐯:13,📍:13,🍿:12,✅:12,🤩:12,🧸:12,🌈:12,🔔:12,😻:11,👋🏻:11,🙃:11,😄:11,💝:11,✌️:10,🌊:10,😁:10,📰:10,👑:10,〰️:10,▪️:10,☺:9,📽:9,💦:9,📅:9,✌🏻:9,🍇:9,😱:9,📆:9,🐺:9,🚀:9,🍑:9,🙂:9,😮:9,🤔:9,💬:8,💭:8,🙋🏻‍♂️:8,❄️:8,🫡:8,🍁:8,💘:8,⬇️:8,☕:8,🥁:8,📱:8,🐇:8,🙇‍♀️:7,✔:7,💋:7,🏎:7,🚨:7,😈:7,❕:7,😋:7,🎧:7,🦒:7,🍂:7,😖:7,🦦:7,🍫:7,🫣:7,🍖:7,🌿:7,🤧:7,📎:7,☘️:7,🧚‍♀️:7,😴:6,😽:6,🍯:6,🐸:6,📻:6,🎞:6,3️⃣:6,📚:6,🤦‍♀️:6,🔒:6,🔫:6,▫️:6,🗝:6,🐷:6,🙄:6,💸:6,🦋:6,👩🏻:6,😝:6,💎:6,😀:6,😌:6,🐢:6,📖:6,🐝:6,🙇‍♂️:5,💟:5,☀:5,0️⃣:5,⛽:5,☁️:5,♂️:5,🎨:5,🎀:5,📹:5,🐈‍⬛:5,💫:5,🤯:5,🍨:5,🍃:5,🦖:5,👥:5,🫢:5,🤴🏻:5,👍🏻:5,🙈:5,🥝:5,🦄:5,🎫:5,🍭:5,🍞:5,👊:5,⚡:5,🎸:5,🇰🇷:5,❄:5,🤘:5,⏰:5,📝:5,👊🏻:5,🍷:5,🐈:5,✌:5,👏:5,⚠:5,🥐:4,👼:4,🐙:4,🙆🏻‍♀️:4,❓:4,5️⃣:4,🌃:4,🕺:4,🍜:4,1️⃣:4,😙:4,🐤:4,🐣:4,🔞:4,🌻:4,😲:4,🍺:4,🍻:4,2️⃣:4,😩:4,🌱:4,🦴:4,🪐:4,🍊:4,🐼:4,🐿️:4,🍋:4,🏸:4,😤:4,😑:4,💪:4,🎊:4,🥯:4,🐵:4,😵‍💫:4,🤦🏻‍♀️:4,🦉:4,🛫:4,🍓:4,🖥:4,💿:4,🎩:4,🆙:3,🙌:3,🙌🏻:3,🗳:3,⚠️:3,➕:3,‼:3,💃:3,〰:3,🌛:3,🥂:3,🦅:3,🐋:3,☪:3,📞:3,🦙:3,🌗:3,⤵️:3,🌬:3,🖐:3,😸:3,🥵:3,🆘:3,🍅:3,🌑:3,☁:3,🦕:3,👮🏻:3,🐩:3,🛷:3,👌:3,🍌:3,💡:3,🎲:3,😵:3,📣:3,🐦:3,🥴:3,😡:3,🦀:3,🌫:3,😏:3,🦌:3,🍮:3,😔:3,🍪:3,🌴:3,🪑:3,😣:3,🐟:3,🇯🇵:3,🤞🏻:3,🙆‍♀️:2,🦁:2,🍚:2,3⃣:2,☔:2,🎡:2,👂:2,🐬:2,💔:2,🌰:2,🌵:2,🍕:2,🍦:2,🍈:2,🐆:2,🥽:2,🌳:2,🎼:2,🐠:2,🍙:2,🕚:2,🌝:2,⚪:2,↗️:2,🙉:2,🍎:2,🍼:2,💯:2,🫂:2,👭:2,🏺:2,🧑‍🍳:2,🎙:2,🙊:2,🌷:2,🏠:2,👉🏻:2,🍲:2,🔛:2,👏🏻:2,📲:2,🏅:2,🥕:2,🗡️:2,🤳:2,🤬:2,📬:2,🤠:2,⚾:2,💤:2,✊:2,🌪:2,🏊‍♀️:2,🍉:2,🦜:2,🚰:2,👕:2,😗:2,😾:2,👁:2,🥖:2,🎠:2,🐊:2,💄:2,🧚:2,♾:2,📈:2,💃🏻:2,👻:2,↗:2,🙇🏻‍♀️:2,👧:2,🌏:2,🥇:2,✍:2,🎃:2,🗯:2,🫰🏻:2,🔨:2,📘:2,🤓:2,🤦:2,🫶🏼:2,✂️:2,🚲:2,📂:2,😠:2,🤏🏻:2,💏:2,🍰:2,🌀:2,🐳:2,📥:2,🤮:2,♀️:2,🤟:2,🚩:2,🥟:2,🌤:2,🦂:2,😜:2,◀:2,🎖:2,😶:2,🙅🏻‍♀️:2,🚤:2,💨:2,🌥:2,🐕:2,🤴:2,🌚:2,🍏:2,🔹:2,🚥:2,🍾:2,🔍:2,🥦:2,🥊:2,🐭:2,🔭:2,👆:2,🔮:2,💍:2,🧐:2,🥛:2,🍠:2,🦑:2,✋:2,🍬:2,🚔:2,🙇:1,📮:1,🫰:1,⬇:1,💁:1,👈🏼:1,0⃣:1,🧴:1,🥬:1,🏪:1,🍽:1,4️⃣:1,👽:1,🛸:1,😪:1,©️:1,🐲:1,📋:1,🔽:1,📀:1,🎙️:1,🧏🏻‍♂️:1,🎾:1,🥤:1,🔴:1,🐏:1,🍸:1,🙅‍♀️:1,🧊:1,🐉:1,🪷:1,🟣:1,🕗:1,🤸‍♂️:1,✉️:1,💪🏻:1,🫥:1,🎮:1,©:1,🔅:1,🚚:1,💊:1,❤️‍🩹:1,🕔:1,8⃣:1,😥:1,😬:1,🎐:1,🪄:1,🎄:1,🔻:1,🎳:1,🕹:1,➿:1,⚖:1,💻:1,◾:1,🚶‍♂️:1,🐖:1,🥚:1,👄:1,🎪:1,🧤:1,🛍:1,👛:1,🗓️:1,🗿:1,🙀:1,🥱:1,⁉:1,🏢:1,🙁:1,🔋:1,🅿:1,👘:1,🌽:1,👨:1,🏨:1,🔠:1,🎒:1,👨‍🎨:1,🙋🏻‍♀️:1,🤨:1,🚋:1,🙆‍♂️:1,🗣:1,🎑:1,✳:1,🧔🏼‍♀️:1,📙:1,📕:1,🛬:1,🤲🏻:1,🗺:1,🆚:1,🏭:1,🏩:1,🛵:1,🛩️:1,🗾:1,🚴:1,🏯:1,🕙:1,🏧:1,🏰:1,🥞:1,🫐:1,🚊:1,🙎🏻:1,🙎🏻‍♀️:1,🧚🏻‍♂️:1,🚜:1,👯‍♀️:1,📊:1,🤐:1,🏄🏻‍♂️:1,⏳:1,👜:1,✏️:1,👈:1,🦎:1,🌂:1,🐔:1,☄:1,🏟:1,🏴‍☠️:1,🔊:1,🕖:1,✊🏻:1,💉:1,◼:1,🚾:1,☘:1,🔶:1,🐜:1,🌞:1,🥩:1,🍔:1,🧛:1,♣:1,🌦:1,🏍:1,🟰:1,#️⃣:1,🕛:1,🕸:1,👨‍🎓:1,🗽:1,🫶🏿:1,👨‍👩‍👧:1,⏱️:1,🇺🇸:1,⌚:1,👼🏻:1,👿:1,👾:1,🗼:1,🈳:1,💩:1,🐌:1,🐧:1,🔝:1,🥔:1,🍳:1,👬:1,⛳:1,📑:1,⬅️:1,👶:1,🏄:1,↪:1,🧷:1,🥶:1,🥀:1,💢:1,⛄:1,🙇🏻‍♂️:1,🔸:1,📶:1,♠:1,🤝🏻:1,🇵🇱:1,🥧:1,☃:1,🌨:1,⏮:1,🦝:1,⏬:1,🐁:1,💮:1,✉:1,🤙🏻:1,📦:1,⚫:1,ℹ:1,®:1,👧🏻:1,🚛:1,🐞:1,💾:1,🌠:1,💶:1,🛁:1,🦍:1,🩹:1,🔳:1,🤷🏾‍♀️:1,🧣:1,🫵🏻:1,🦛:1,🐛:1,◽:1,👨‍💼:1,🤼:1,🖇:1,🛌🏻:1,🔚:1,↕:1,🌒:1,🚇:1,🤵:1,👣:1,🌧:1,🦘:1,🚉:1,✒:1,👃:1,🏖:1,🐮:1,⛷:1,☃️:1,🔃:1,🤡:1,🙆:1,⚔️:1,🌉:1,🖱:1,🌌:1,⛓️:1,💣:1,♨:1,🔑:1,🤕:1,🔦:1,🍣:1,🙏🏼:1,🍛:1,🇦🇺:1,🍱:1,🦩:1,🏃‍♀️:1,🍤:1,🍥:1,🙋‍♂️:1,🙋‍♀️:1,🔕:1,🛠️:1,🏍️:1,🧚🏻:1,🕷:1,🐗:1,⏭:1,♊:1,🐽:1,➖:1,🌩:1,🕊:1,🌺:1,🌜:1,🦡:1,🐑:1,🏀:1,👫:1,🚶:1,🔪:1,🩸:1,🦥:1,📉:1,🗒️:1,🛴:1,🚺:1,🛶:1,🤖:1,🏹:1,😶‍🌫️:1,🕴:1,😼:1,🐄:1,🤦‍♂️:1,🧙‍♀️:1,🎴:1,☠️:1,🎍:1,🦔:1,👩‍💻:1,☯️:1,🚦:1,↖:1,♦:1,🧒🏻:1,😨:1
in	😭:452,😂:236,🤣:192,👀:141,🔥:110,🙏:102,🥰:100,✨:90,🥺:87,😍:82,❤️:79,😔:72,🥹:64,😅:62,🥲:60,💦:56,📌:53,🤭:47,😘:47,✅:47,👍:43,🤍:42,😁:42,🍎:35,😊:32,🙏🏻:31,💗:30,💚:30,☺️:29,🔹:29,😌:28,🙂:28,🤩:27,😎:27,💌:26,🫶:26,🥳:25,👉:25,👍🏻:24,🤤:24,😆:24,🫶🏻:24,🤗:23,⭐:23,💙:23,🤔:23,🥵:22,💔:22,👇:21,🤪:21,😩:21,‼️:20,🔔:20,😏:20,🙄:20,👇🏻:20,💜:19,😀:19,♥️:19,💕:19,😄:19,✌️:19,💭:18,😳:18,🤧:17,☹️:17,💥:16,🧡:16,💞:16,📍:15,📩:15,☝🏻:15,💸:15,🇹🇷:15,😃:14,😋:14,🌷:14,☄️:14,📣:14,🙌:13,🦋:13,🔗:13,😣:13,😢:13,🙈:13,👌:13,🐱:13,💖:12,😡:12,❤:12,🐈:12,✈️:12,⬇️:11,💯:11,🖤:11,☎️:11,💰:11,👈:11,🤲:11,❤️‍🔥:11,🐶:11,😒:10,🎥:10,😻:10,🫣:10,🐰:10,😱:10,👏:10,🫠:10,🤝:10,😛:10,🌊:10,☝️:10,😞:10,💛:10,🙃:9,😙:9,🎉:9,😉:9,💳:9,💀:9,💫:9,🥴:9,🚀:9,😥:9,😜:9,😚:9,😇:9,⤵️:9,🐈‍⬛:9,🎬:9,🫦:9,🟢:9,🌹:8,🤙:8,😰:8,💋:8,🍀:8,💵:8,👑:8,🤡:8,⚡:8,😪:8,😓:8,🐣:7,❗:7,😤:7,🎀:7,🍊:7,🙇🏻‍♀️:7,⚠️:7,🧧:7,❌:7,😈:7,👎:7,💃:7,🌟:7,❄️:7,🦄:6,🛒:6,©:6,🧐:6,👋:6,☺:6,📎:6,🙆🏻‍♀️:6,🌻:6,💈:6,🔞:6,🙌🏻:6,🔴:6,☁️:6,👉🏻:6,😫:6,🐼:6,🙏🏼:6,🍻:6,🥂:6,😹:6,🇵🇰:6,🫰:6,😠:5,🤨:5,🎁:5,💓:5,🖇️:5,😵‍💫:5,🐿️:5,🤯:5,☀️:5,➡️:5,🫂:5,💘:5,📢:5,📝:5,💪:5,🐑:5,🫶🏼:5,❎:5,😬:5,🗿:5,❣️:5,😑:5,🤲🏻:5,🤘🏻:5,🫳:5,🌸:5,🐕:5,🏆:5,👊:5,♥:5,🐅:4,🍒:4,🐯:4,😝:4,💐:4,🤑:4,🇮🇩:4,💅:4,🙏🏽:4,🍈:4,🤌:4,🦁:4,⚽:4,🍙:4,✊:4,🎵:4,🎶:4,🤦‍♂️:4,😕:4,🤫:4,🥀:4,😮‍💨:4,🐹:4,🐨:4,🙆‍♂️:4,😿:4,🌱:4,☮️:4,🐾:4,🧚‍♂️:3,😴:3,🌕:3,😺:3,🛍:3,🦊:3,🪐:3,📲:3,🫧:3,😖:3,🦜:3,🔄:3,🇮🇳:3,🤟:3,🤚🏻:3,💅🏻:3,👎🏻:3,✍🏻:3,😵:3,☕:3,😲:3,🤚:3,🕊:3,☠️:3,🤝🏻:3,🤦:3,💎:3,📹:3,🙊:3,🥱:3,🙁:3,😾:3,👍🏼:3,🤓:3,😶‍🌫️:3,🫢:3,🤕:3,🏷:3,🆙:3,🌙:3,🏅:3,🍑:3,🔮:3,😸:3,🌖:3,🖇:3,🧚🏻‍♀️:3,✌:3,🌝:3,🫡:3,📚:3,📱:3,🐍:3,🌪️:3,📥:3,🎂:3,✍️:3,🚨:3,🌞:3,🛫:3,🍓:2,🔐:2,🐻:2,🕹:2,👌🏻:2,😟:2,🩰:2,⤵:2,▪:2,🙋:2,📸:2,😐:2,😼:2,🤬:2,🇧🇮:2,💾:2,🍟:2,🫵:2,📖:2,🤙🏻:2,💤:2,🤏🏼:2,🪄:2,🤌🏻:2,🔵:2,🇨🇭:2,🍏:2,🤷‍♀️:2,😗:2,❕:2,🛵:2,🔺:2,🗓️:2,🕒:2,🫰🏻:2,🏷️:2,👰:2,🇨🇳:2,⁉️:2,🤟🏻:2,🍁:2,💢:2,👇🏼:2,🎈:2,🌏:2,🍣:2,🔜:2,👱‍♀️:2,🥈:2,🥉:2,🥇:2,🐊:2,🍳:2,🏝:2,🎗:2,☹:2,⚠:2,💇🏻‍♀️:2,🛐:2,🖕:2,🌚:2,✌🏻:2,🤷‍♂️:2,👻:2,🎞:2,👇🏿:2,✒️:2,🍋:2,🌺:2,🤠:2,🙆‍♀️:2,🐳:2,🐫:2,🍃:2,💩:2,💠:2,🔫:2,🙏🏿:2,🍞:2,💝:2,👩🏻:2,🗣️:2,🧿:2,🚩:2,™:2,📺:2,🔰:2,❤️‍🩹:2,⚪:2,⬜:2,🕊️:2,🐦:2,😷:2,👤:2,🐉:2,🍫:1,🌃:1,🌾:1,🗂:1,™️:1,🥗:1,🖐🏻:1,🙅🏻‍♂️:1,📰:1,👚:1,💅🏼:1,🦬:1,🏃‍♀️:1,🎰:1,🧩:1,🧬:1,🟡:1,🐀:1,🤌🏼:1,🌌:1,🥼:1,🏁:1,⬇:1,📁:1,🗣:1,🤏🏻:1,🐘:1,🐵:1,🐿:1,🦓:1,🍥:1,🤸🏿:1,🔋:1,🇺🇬:1,🇫🇷:1,📅:1,🕐:1,📆:1,🌍:1,🤦🏻:1,🙇:1,👒:1,🚶‍♀️:1,😦:1,🍷:1,🧁:1,🐔:1,⚰️:1,🫤:1,📄:1,💬:1,🔖:1,✔️:1,💲:1,🐥:1,❣:1,🥃:1,🌐:1,⏰:1,📷:1,✔:1,🧺:1,🆔:1,✉:1,☎:1,🤒:1,📦:1,🍸:1,🇬🇭:1,⏩:1,🔪:1,🐇:1,👍🏽:1,🏨:1,🤞🏾:1,👍🏿:1,🤏:1,💍:1,💮:1,👋🏻:1,✴️:1,💆:1,🤦🏻‍♀️:1,🤸🏻‍♀️:1,🤢:1,🐩:1,🚐:1,🙆:1,🍯:1,🐡:1,😯:1,💆‍♀️:1,🤘:1,💧:1,🇨🇦:1,👅:1,✋:1,🕉:1,🐧:1,🖖🏼:1,🏠:1,📽:1,🪲:1,🧀:1,⛔:1,‼:1,😨:1,🧵:1,🌤:1,👆:1,🥤:1,👏🏾:1,🍼:1,📧:1,🫶🏾:1,👁️:1,👄:1,🤦🏻‍♂️:1,🏏:1,〰:1,🎞️:1,🤦‍♀️:1,🕷:1,✊🏻:1,🇰🇷:1,🍪:1,↙️:1,🧎🏽‍♀️:1,🐷:1,👩🏻‍💻:1,🤦🏿‍♂️:1,✊🏼:1,🦴:1,🙇‍♂️:1,🧚‍♀️:1,💴:1,👙:1,🟥:1,⬛:1,📽️:1,🧈:1,🦭:1,🕺🏻:1,🤸🏻:1,🔎:1,⚔️:1,🧸:1,🤞🏽:1,🤷:1,🚮:1,🐝:1,🇭🇰:1,🏛:1,🆕:1,🐓:1,👫:1,🕌:1,⛵:1,👊🏻:1,🍌:1,🤲🏾:1,👟:1,🛍️:1,🦟:1,🪷:1,🎸:1,🌴:1,🫴:1,🇦🇫:1,🇱🇰:1,🤵:1,💪🏻:1,🎯:1,✋🏻:1,☝🏼:1,♣️:1,🙌🏾:1,▶️:1,🦚:1,☘:1,🇩🇿:1,👨‍👧:1,☣️:1,🏥:1,🤎:1,🇪🇨:1,🏸:1,🌿:1,🇦🇺:1,🏍️:1,🙌🏽:1,🌜:1,🎋:1,🎄:1,🚶🏻‍♀️:1,🌔:1,💟:1,👮‍♂️:1,🇦🇪:1,🕺:1,🤌🏾:1,🥶:1,🙉:1,🤏🏽:1,🦦:1,👯:1,👭:1,🧑🏻‍🦱:1,👱🏻‍♀️:1,☔:1,👕:1,🏃:1,✏️:1,🌼:1,🙌🏼:1,🪚:1,🚙:1,🇧🇷:1,😮:1,🚦:1,▪️:1,⏳:1,⚖️:1,🏈:1,♟:1,🌠:1,🐤:1,🗓:1,🌧:1,🤷🏽‍♂️:1,🔃:1,🐌:1,🦌:1,🇵🇹:1,🐐:1,👈🏻:1,🎤:1,🤲🏼:1,👦:1,🧚:1,☁:1,🟪:1,🍵:1,👹:1,👝:1,🍂:1,🔨:1,⏱️:1,💡:1,🎮:1,🐬:1,🏃‍♂️:1,🌤️:1
fr	😂:252,😭:159,🤣:149,🔹:120,❤️:91,🔥:89,🚨:86,🎁:85,😅:74,🇫🇷:65,🔴:63,💀:60,😉:55,😍:52,🤔:51,⚠️:40,👉:37,🤯:37,🥰:36,🥲:34,😎:33,➡️:33,👀:32,😳:31,😁:30,👍:30,😏:28,🇺🇦:28,😘:27,🤩:26,💙:25,✅:24,😋:24,🙏:24,⤵️:24,🥳:24,🥹:24,👇:23,😔:22,🤡:22,✨:22,🥺:22,🙄:22,📸:21,😹:20,🔁:19,😊:19,‼️:19,🇪🇺:19,💥:19,🔵:18,👌:18,😜:17,❗:17,🤍:16,🇺🇸:16,🥵:16,✊:16,😆:16,⚪:16,🇷🇺:16,😱:16,🇧🇷:16,🏴‍☠️:15,🍀:15,♥️:15,🇩🇿:15,💜:14,😡:14,😌:14,🎶:14,⚡:14,🤭:13,🤮:13,😈:13,❤:13,🗣️:12,🙃:12,🎙:12,😩:12,💪:11,☺️:11,💚:11,👏:11,🤝:11,🇲🇦:11,📣:11,🎉:11,🫶🏼:11,🌟:10,🔗:10,🫣:10,🖤:10,😒:10,🤓:10,💔:10,👑:10,📢:10,🧐:10,🏆:10,⚽:10,💕:10,🇮🇹:9,🤨:9,🎥:9,🇨🇵:9,😤:9,💛:8,🔄:8,⭐:8,😢:8,🙂:8,😻:8,🤤:8,📺:8,🗣:8,⬇️:8,🙈:8,1️⃣:8,2️⃣:8,😬:8,🇸🇳:7,😇:7,⏰:7,💉:7,🇳🇱:7,🤪:7,🫶🏻:7,🤞:7,▶️:7,🫶:7,😀:7,🇨🇩:7,💰:7,😮‍💨:7,📝:6,🤬:6,📍:6,🫠:6,🥴:6,🤑:6,🐶:6,😄:6,💋:6,🍔:6,🎯:6,😫:6,💬:6,🚀:6,🆚:6,💫:6,🤷‍♂️:6,🇨🇱:6,♻️:5,▫️:5,👋:5,🫡:5,🤷🏾‍♂️:5,💗:5,💖:5,🇨🇴:5,♥:5,📚:5,🍑:5,🍃:5,🇯🇵:5,🥱:5,🚌:5,™:5,📹:5,1⃣:5,👊:5,😲:5,🇪🇸:5,🏈:5,🛑:5,🧠:5,🇨🇮:4,⛔:4,🙏🏻:4,🍆:4,🤢:4,🧡:4,💻:4,🤗:4,💡:4,💸:4,😮:4,☕:4,🤧:4,🟡:4,💣:4,🔔:4,🤫:4,🍒:4,❓:4,📊:4,🌻:4,2⃣:4,🌿:4,💦:4,▪️:4,🇵🇹:4,🔞:4,🛐:4,💎:4,❤️‍🔥:4,☠️:4,🔸:4,👍🏽:4,💩:4,🤦🏾‍♂️:4,🇲🇱:4,🤦:4,😵‍💫:4,🙌🏾:4,👇🏻:4,⏱:4,❌:4,🌐:4,🙏🏾:4,⛈:3,🥇:3,📰:3,🥶:3,🙌:3,©:3,⏱️:3,🌛:3,💓:3,😣:3,💘:3,🌍:3,🌙:3,🕺:3,🌀:3,⚖️:3,📌:3,🟢:3,🧭:3,😠:3,👆:3,🤙:3,🎂:3,😵:3,✌️:3,😐:3,🎵:3,📲:3,🌚:3,🎬:3,📋:3,🗞:3,🌸:3,➡:3,⚜️:3,🌩:3,🇲🇽:3,⁉️:3,⚔:3,🇦🇷:3,😕:3,🇹🇳:3,3️⃣:3,🐐:3,🌹:3,🫤:3,📷:3,💪🏼:3,🇩🇪:3,💍:3,👈:3,🚶🏾‍♂️:3,💭:3,🥂:3,🕊:3,🙏🏽:3,🗓:3,🤝🏽:3,☝️:3,🫶🏽:3,❄️:3,😴:3,🇧🇪:3,🇵🇱:3,✍️:3,🇨🇲:3,🌺:3,🎙️:3,😝:3,🇬🇧:3,🤷🏻‍♀️:3,🙏🏿:3,😨:3,🦁:3,🚩:3,🏟️:3,😓:3,🦋:3,🟩:2,📦:2,👌🏻:2,👄:2,✈️:2,🛵:2,📱:2,🗨:2,🔽:2,☎️:2,🟠:2,🗽:2,🎟:2,🌼:2,👉🏼:2,😃:2,🧍🏻‍♀️:2,🔎:2,🌜:2,⏲️:2,☹️:2,🇬🇷:2,🇪🇪:2,💤:2,♦️:2,🍌:2,🤦🏽‍♀️:2,🏅:2,9️⃣:2,😞:2,💞:2,🇺🇲:2,🪐:2,🇷🇴:2,🫢:2,🇦🇺:2,💆🏻‍♀️:2,🫂:2,🏟:2,🫵🏻:2,🆗:2,🧿:2,☀️:2,🟣:2,🤷:2,🎆:2,👍🏻:2,💝:2,🥸:2,4️⃣:2,😾:2,🤲🏼:2,⏳:2,🇨🇭:2,☘️:2,🦾:2,✝:2,🇭🇷:2,🔝:2,➕:2,🐕:2,👏🏼:2,🎈:2,🗳:2,💪🏻:2,☢️:2,🤙🏼:2,🕒:2,⚔️:2,👽:2,😪:2,🚹:2,💨:2,🍿:2,💳:2,👅:2,🇮🇱:2,🌑:2,🍷:2,🏳️‍⚧️:2,❤️‍🩹:2,🗿:2,🇰🇷:2,😑:2,🐝:2,🤦‍♂️:2,🚫:2,🟥:2,🌅:2,🆘:2,🤜:2,🤲:2,🏉:2,🇧🇫:2,🎨:2,🫧:2,💯:2,📞:2,🖕:2,💪🏾:2,🤦🏾‍♀️:2,💐:2,😥:2,😖:2,⚫:2,🤛:2,👊🏼:2,😚:2,🫶🏾:2,🤘🏾:2,📡:2,🟨:1,⬜:1,🦦:1,🏝:1,🏠:1,🤦🏻:1,☑️:1,👩🏽:1,💼:1,▶:1,🐿️:1,🚶🏾:1,🖖:1,🇹🇬:1,🌞:1,🔬:1,⚕️:1,👉🏻:1,👌🏽:1,🔙:1,🏃🏻‍♂️:1,🥒:1,🏍:1,🤌🏾:1,‼:1,🇹🇷:1,🤰:1,🏫:1,🐱:1,📧:1,📐:1,🍾:1,🙋🏻‍♀️:1,🆓:1,🙋‍♂️:1,🆙:1,🕋:1,🤌:1,🌱:1,🅰️:1,🎒:1,👶:1,👶🏻:1,🐟:1,🥽:1,🧏🏾‍♂️:1,🚉:1,📳:1,🤞🏽:1,🎰:1,🐎:1,🪴:1,☺:1,😛:1,⏸️:1,5⃣:1,0⃣:1,👏🏻:1,😟:1,🥊:1,🕕:1,🕵️‍♂️:1,🚓:1,🏴:1,🥤:1,🖥:1,📻:1,🇷🇪:1,⛽:1,🏀:1,🎼:1,🚗:1,🤐:1,🔒:1,🪓:1,🏔:1,👰‍♀️:1,👌🏼:1,🤙🏽:1,⤵:1,👨‍🦯:1,🤎:1,👩‍❤️‍👨:1,🚶‍♂️:1,🇾🇪:1,🍻:1,⭕:1,🐛:1,🔍:1,🫰🏽:1,🌌:1,🕶️:1,🍹:1,🍯:1,🧜🏾‍♀️:1,🏃‍♀️:1,🏃‍♂️:1,💁:1,🔫:1,🤷🏿‍♂️:1,6️⃣:1,7️⃣:1,🫱🏾‍🫲🏽:1,🔊:1,🚆:1,✌🏾:1,🖖🏾:1,👨🏻‍🏫:1,👋🏻:1,🕺🏾:1,🥈:1,🥉:1,👏🏽:1,🤦🏼‍♂️:1,🧑🏽‍🌾:1,👩🏻‍🌾:1,🟧:1,🤷🏾‍♀️:1,🦐:1,🍅:1,🏡:1,🏘:1,🪦:1,⛓️:1,🐧:1,✌:1,👙:1,🙀:1,🌥:1,🍬:1,🧍🏽‍♀️:1,🛰️:1,🇨🇳:1,🧩:1,👨‍💻:1,🎓:1,🚴‍♂:1,🇺🇾:1,🚺:1,🌊:1,🏴󠁧󠁢󠁷󠁬󠁳󠁿:1,⏩:1,🧑‍🏫:1,👩‍🏫:1,📽️:1,🚸:1,♓:1,💃:1,🥩:1,🛡:1,👇🏿:1,🛒:1,😽:1,💅🏼:1,🪥:1,🧣:1,🤒:1,😶:1,👎🏽:1,🧾:1,💠:1,🔷:1,💲:1,⌚:1,🤦‍♀️:1,🎮:1,💟:1,◀️:1,🐰:1,🚒:1,🍉:1,🛫:1,🇮🇸:1,👩🏽‍🦯:1,🏃🏾‍♂️:1,🚬:1,🎊:1,😧:1,🌴:1,💪🏽:1,🤙🏾:1,💅🏾:1,🛎:1,🐑:1,🇺🇳:1,🫄:1,🇹🇼:1,📉:1,🤏🏼:1,♉:1,♊:1,♈:1,🥜:1,🌠:1,🚶‍♀️:1,🙌🏽:1,🇮🇪:1,👨🏿‍💼:1,🇦🇹:1,🐺:1,👊🏿:1,😰:1,🅱️:1,🫶🏿:1,🔋:1,😯:1,👻:1,😶‍🌫️:1,👌🏿:1,📀:1,🎧:1,🧽:1,🛀:1,🗺:1,🇮🇩:1,🤦🏻‍♂️:1,🤞🏻:1,⛺:1,®:1,✔:1,🐹:1,🔪:1,💿:1,😼:1,✊🏽:1,🏩:1,🚶:1,⬆️:1,🗺️:1,📅:1,😗:1,📔:1,🌷:1,🪄:1,🤝🏾:1,🇻🇪:1,🤲🏽:1,🧤:1,4⃣:1,🔜:1,✉️:1,📈:1,🎺:1,🥁:1,🦅:1,💧:1,↗️:1,🧍🏻‍♂️:1,📽:1,🧍🏼‍♀️:1,🍂:1,✋🏼:1,💁🏽‍♀️:1,👎🏻:1,🦃:1,🚂:1,🚛:1,↔️:1,🇹🇩:1,🤟:1,🕺🏼:1,👋🏼:1,🏳️‍🌈:1,🕘:1,🌃:1,🏙:1,🥙:1,🏙️:1,🇬🇳:1,ℹ️:1,👍🏼:1,✌🏽:1,🙏🏼:1,🤙🏻:1,👇🏼:1,🫀:1,🧍🏿‍♀️:1,🏌️:1,❎:1,🕯:1,👊🏻:1,🚔:1,👨🏿‍✈️:1,🤹‍♂️:1,🦒:1,👺:1,🇲🇹:1,🕺🏻:1,🕌:1,🌎:1,👕:1,🐦:1,🌡️:1,☁️:1,🐷:1,🇳🇴:1,👎:1,🗝:1,🐤:1,🐉:1,8️⃣:1
art	😂:271,🤣:173,😭:148,❤️:90,😍:64,🔥:62,👀:50,🥺:45,👏:36,👍:34,🥹:33,👇:32,💀:31,🖤:30,🥰:29,💯:26,💙:25,🙏:24,♥️:24,❤:20,💔:20,🤍:19,🥲:18,😎:17,😅:17,✨:16,🥵:16,💛:15,🫠:15,😔:15,🙄:15,🙂:15,🥳:15,💜:15,😳:15,😁:14,🎯:13,💗:13,😆:12,🤤:11,🙏🏻:11,😇:11,🤭:10,😋:10,🤩:10,😊:10,🤔:10,🫣:10,☺️:9,💖:9,💕:9,😡:9,😢:9,🤯:9,🤡:9,😈:8,😝:8,😘:8,👌:8,👏🏼:8,😌:8,🙏🏼:8,😴:7,✌️:7,🤗:7,🙌:7,🥴:7,🎉:7,🤫:7,🐐:7,🚨:7,😪:7,😱:7,💪:7,🫶🏻:7,☹️:7,😃:7,🤢:7,😉:7,☀️:6,🙏🏾:6,😫:6,💚:6,😛:6,🫂:6,🤮:6,😀:6,🌼:6,🎂:5,🤨:5,🇧🇷:5,👑:5,🤬:5,🍏:5,👇🏻:5,🧡:5,👄:5,👏🏻:5,↪️:5,💦:5,🙃:5,📍:5,💘:5,👋:5,💓:5,🌟:5,😩:5,✅:5,🤏🏻:4,😏:4,😐:4,😞:4,🧵:4,🙈:4,😄:4,👁️:4,👍🏽:4,🤲:4,🎶:4,🦅:4,🌹:4,😻:4,😙:4,🙊:4,😥:4,💫:4,💎:4,🌷:4,😲:4,🥂:4,😽:4,👍🏻:4,🤪:4,🗣:4,👊:4,✋:4,📌:4,👇🏽:4,🌊:3,⛵:3,😶:3,😹:3,👅:3,💥:3,💋:3,😨:3,🤐:3,🐱:3,⬇️:3,⚔️:3,💞:3,💐:3,🎃:3,🤞🏻:3,⭐:3,😬:3,😮:3,🤧:3,🥱:3,😜:3,😕:3,🐍:3,🏈:3,🍻:3,🇮🇹:3,🤌🏻:3,😑:3,😚:3,🌺:3,🫡:3,🙌🏾:3,🐤:3,🦋:3,👻:3,😒:3,🎁:3,🍒:3,☠️:3,🎧:3,🤞🏾:3,🤚:3,🖐:3,🍓:3,👌🏻:3,🇨🇱:3,🐟:2,☁️:2,🐠:2,😧:2,🤟:2,😸:2,🌙:2,🫶:2,🎗️:2,🔫:2,🇹🇷:2,🖋:2,🤞:2,😤:2,🍈:2,☝️:2,✊🏻:2,🍩:2,🍀:2,🐪:2,❣️:2,🎵:2,👁:2,🧐:2,🤘:2,❗:2,✍️:2,🎗:2,🌲:2,🤎:2,😓:2,🤌🏼:2,👊🏻:2,🧸:2,🫥:2,🐾:2,🧣:2,📸:2,🐕:2,🤝:2,📉:2,🌻:2,🐻:2,🍾:2,⬜:2,🫢:2,🚀:2,👌🏾:2,😗:2,🙉:2,🌕:2,🍑:2,📏:2,🙌🏼:2,🥞:2,🌎:2,💌:2,🍊:2,🤘🏼:2,🖐🏻:2,🚳:2,🖕:2,🍮:2,💨:2,🥀:2,🌰:2,🌞:2,🐣:2,🙌🏻:2,💃🏽:2,🔄:2,🕊️:2,☕:2,🚲:2,🤌:2,🙌🏽:2,🫶🏼:2,👈:2,🫶🏽:2,😵:2,👇🏼:2,🔪:2,🤙:2,🥶:2,✔️:2,👇🏾:2,👹:2,🌚:2,💪🏻:2,❄:2,🇺🇦:2,🇺🇸:2,🤦:1,❣:1,🫰:1,🍂:1,🇧🇼:1,✌🏽:1,😠:1,🙁:1,🔨:1,🎤:1,😣:1,💭:1,😿:1,〽️:1,💲:1,✝️:1,🍁:1,🙏🏿:1,🎬:1,🎥:1,🕶️:1,✌:1,🎊:1,🩳:1,🚔:1,💸:1,🤑:1,🏆:1,🥇:1,👍🏿:1,📊:1,📚:1,⛓:1,🐉:1,🎈:1,👔:1,😦:1,🤝🏻:1,🤙🏼:1,🫶🏾:1,✊:1,🤺:1,🥑:1,🧊:1,🐘:1,👎🏻:1,⚰️:1,🥽:1,🐼:1,🖊️:1,🗒️:1,🫧:1,🦐:1,🛶:1,🏉:1,☺:1,🚗:1,🧍:1,🧼:1,🇻🇳:1,🏼:1,🗑:1,💤:1,🌛:1,💟:1,🌪️:1,🔱:1,🟥:1,⬛:1,🐹:1,🛐:1,⚡:1,⛈:1,🍟:1,🇩🇴:1,✈️:1,🚟:1,❕:1,🧿:1,🚕:1,🌍:1,🏩:1,🌳:1,👭:1,🏫:1,🏢:1,🏣:1,🏥:1,🏃🏾:1,🏬:1,🏦:1,🏪:1,👬:1,🎪:1,🎸:1,👏🏽:1,🍄:1,🍜:1,🎀:1,🌐:1,🛰:1,📡:1,🔴:1,🚥:1,✍:1,⛸:1,🌴:1,🛌:1,❌:1,👏🏾:1,🙋:1,⤵️:1,💬:1,🏡:1,🎖:1,♻️:1,🕺🏾:1,📝:1,🖌️:1,🏏:1,🪃:1,🎒:1,🦦:1,💪🏽:1,💅:1,💧:1,🏠:1,👃🏻:1,🐖:1,🇩🇿:1,🎇:1,🏌:1,🖐🏽:1,🖐🏿:1,🖐🏾:1,🖐🏼:1,🤏🏼:1,🍷:1,1️⃣:1,0️⃣:1,🐰:1,📱:1,🖐️:1,🇷🇸:1,👃:1,📥:1,🌝:1,☘:1,🤕:1,💊:1,🤘🏿:1,✍🏻:1,🔔:1,👓:1,👉🏼:1,👌🏼:1,💪🏼:1,⚾:1,🌽:1,🤦🏽:1,👊🏾:1,🌵:1,🙇:1,🛂:1,🔡:1,💰:1,🔧:1,♾:1,🇦🇹:1,👏🏿:1,💄:1,🤘🏽:1,👉:1,🍴:1,🦄:1,✌🏻:1,🌄:1,🤲🏻:1,🐎:1,🐺:1,🔓:1,🇬🇧:1,🇵🇱:1,🇱🇹:1,✌🏾:1,🍆:1,🖍:1,🪚:1,🪕:1,🙏🏽:1,🫴:1,🛳:1,🕶:1,😖:1,👈🏾:1,👉🏾:1,👇🏿:1,🔰:1,🐷:1,🛬:1,🦊:1,👒:1,🐿:1,◾:1,🔷:1,◽:1,⚪:1,▪️:1,◼️:1,⚫:1,🦆:1,🐥:1,🏸:1,🧏🏾:1,🏝:1,🍅:1,🕯:1,🤖:1,🚩:1,🚂:1,🇮🇪:1,🎮:1,↩️:1,🚮:1,🔆:1,🔺:1,🗣️:1,🧃:1,🧨:1
tl	😭:240,😂:169,🔥:74,🤣:74,🥹:56,🥺:44,😍:44,❤️:43,😅:36,💦:34,💔:29,🥲:29,🥰:28,🔹:25,🫶:22,🤍:20,😩:20,😁:19,🙏:19,💀:18,😳:17,😔:17,👀:17,🤤:16,🍆:16,🤧:16,🤭:15,💎:15,😋:14,😆:14,💚:14,😘:13,✨:13,🤩:12,💜:12,💙:12,💯:11,😊:11,😌:11,💥:11,🤔:10,🫶🏻:10,🥳:10,💗:10,🫣:10,🍑:10,🙊:9,😞:9,💕:9,🙄:9,🫠:9,😠:9,🙂:8,🖤:8,📌:8,🥵:8,😉:8,💖:8,📍:7,⭐:7,🌹:7,😹:7,😫:6,❤:6,😡:6,👏🏻:6,🥴:6,👏:6,😀:6,🧡:6,😎:6,😄:6,‼️:6,👉:6,📸:5,💛:5,👼🏾:5,☹️:5,©️:5,🤪:5,💞:5,🫰🏻:5,🙈:5,✌️:5,😤:5,🌟:4,♥️:4,☺️:4,👍🏻:4,👍:4,😢:4,😻:4,🐻:4,😵‍💫:4,🤗:4,😒:4,📷:4,❣️:4,🙁:4,🫶🏽:4,💪🏻:4,🌊:4,😐:4,😏:4,🙌:4,🔸:4,🏝:4,😖:3,📅:3,😴:3,🧿:3,🤦:3,🤨:3,🙏🏻:3,🫶🏼:3,☝️:3,🙌🏻:3,😑:3,👊:3,👌:3,🔗:3,🤡:3,🙃:3,😃:3,😕:3,😪:3,🤝:3,💫:3,😥:3,⬇️:3,👹:3,👈:3,🤫:3,🌽:3,😼:3,😬:3,😈:3,🤞:2,😗:2,👇:2,🦋:2,🏷:2,👉🏻:2,👈🏻:2,👁:2,🐱:2,🇭🇰:2,😮‍💨:2,⏰:2,😨:2,👏🏼:2,📼:2,❤️‍🔥:2,🆔:2,✈️:2,🙆:2,🏆:2,🤞🏾:2,🤓:2,🔞:2,🤎:2,☀️:2,🌷:2,😇:2,👍🏽:2,✊:2,🚶:2,👋🏻:2,🤘:2,🤢:2,👑:2,💩:2,🏃:2,✅:2,🇫🇷:2,🎵:2,🍊:2,🍒:2,🚮:2,🐷:2,🥱:2,🫡:2,🎗️:2,💪🏽:2,🤒:2,🇮🇹:2,🤞🏻:2,📚:2,🤚:2,⚡:2,♠️:2,🤞🏽:2,📲:2,🎧:2,🐶:2,🤲:2,🌸:2,😶:2,🚀:2,👬:2,🍓:2,🎉:2,🎶:2,☕:2,⚔️:1,🖐️:1,📝:1,🎁:1,😱:1,❌:1,💸:1,🗓️:1,🍰:1,🛒:1,📣:1,🧸:1,✌:1,🥂:1,☺:1,🙉:1,🌙:1,🇲🇾:1,🤷🏻‍♀️:1,😣:1,🤟🏻:1,🙏🏼:1,❓:1,❗:1,🐧:1,🧑‍🦯:1,✌🏻:1,🐍:1,✔️:1,🧑‍🏭:1,🍵:1,🇵🇭:1,🇵🇰:1,👌🏽:1,🐥:1,⛰:1,🍹:1,🇹🇷:1,😲:1,🙌🏼:1,🐺:1,😵:1,🤮:1,🦝:1,😙:1,🕺:1,⌚:1,🤌:1,🍻:1,➡️:1,❣:1,🐉:1,🦊:1,🙆🏿‍♀️:1,🗝:1,🇹🇭:1,🌐:1,🇮🇩:1,🌝:1,💉:1,💅:1,💳:1,😜:1,🏦:1,📹:1,🇭🇳:1,🤕:1,⬆️:1,☝:1,😛:1,🍽:1,🦁:1,🇺🇸:1,⚠️:1,😮:1,🍪:1,🇲🇦:1,🤐:1,🏌🏾‍♂️:1,🙏🏽:1,✍️:1,🥊:1,✊🏽:1,🌻:1,🇬🇧:1,✍:1,📎:1,✏️:1,📏:1,📐:1,🚶‍♀️:1,🙅‍♂️:1,🥶:1,💋:1,🦦:1,👄:1,💐:1,💁🏿‍♂️:1,🇯🇵:1,😸:1,🌚:1,🕴:1,😟:1,🗣:1,♂️:1,🫰:1,🌼:1,☎️:1,🤙:1,🤏:1,👶:1,😓:1,🤏🏻:1,👆:1,♊:1,🏛️:1,💝:1,🙇🏻‍♀️:1,🇧🇷:1,🐸:1,💰:1,🇮🇳:1,💬:1,🍕:1,☹:1,🤷:1,👩‍❤‍👨:1,💌:1,👆🏾:1,🅱️:1,🧍:1,🤌🏻:1,🗿:1,🤌🏾:1,🍗:1,🇿🇦:1,🔊:1,🧑🏿‍🦲:1,✊🏿:1,👨🏿‍🔧:1,🤙🏻:1,🕊:1,🔙:1,🇺🇬:1,🔴:1,🤦🏻‍♀️:1,🤜🏻:1,🤛🏻:1,🐝:1,🎤:1,🤟:1,☁️:1,🎀:1,✊🏼:1,👎:1,🦠:1,✌🏼:1,🥬:1,💆🏻‍♀️:1,😚:1,👿:1,📽️:1,🌤️:1,🔅:1,💨:1,🌕:1,🍎:1,🇷🇺:1,😽:1,💘:1,🥀:1,🇧🇮:1,🦶🏾:1,💅🏻:1,🫴:1,👇🏻:1,📢:1,💪:1,😶‍🌫️:1,👧:1,🤺:1,😯:1,🍀:1,🧵:1,🌞:1,👏🏿:1,💪🏿:1,🖕:1,🔪:1,🍞:1,🍳:1
hi	🙏:199,😂:145,🤣:70,❤️:69,🚩:63,🔥:44,😭:44,🙏🏻:40,😍:36,🇮🇳:35,🌹:30,💐:24,😊:22,👇:22,🤔:21,🥺:18,😜:18,👈:16,😁:16,🙄:14,❤:14,🌺:14,😥:12,✨:12,😎:12,💔:11,😏:11,✍️:11,🤗:11,😅:11,☕:10,🌷:10,💞:10,🥰:10,👏:10,😌:10,😡:9,🥲:9,♥️:9,🥀:9,😄:9,👉:9,🙂:9,🌸:9,👑:8,😀:8,😝:8,👍:8,💖:8,😆:8,🙏🏼:7,😒:7,💕:7,😢:7,🖤:7,🙈:7,📜:7,💡:7,🥳:6,🤭:6,🐚:6,🥵:6,❓:6,💥:6,✌️:6,🥹:6,💪:6,🌻:6,🤍:5,⚡:5,😘:5,💝:5,😹:5,❤️‍🔥:5,🍁:5,🏹:5,💯:5,🔱:5,🥴:5,🤦:5,🤡:5,🔔:5,❣️:5,👀:4,🤧:4,▪️:4,💀:4,🙃:4,🤪:4,💙:4,😃:4,😋:4,‼️:4,🛐:4,😳:4,😉:4,💗:4,🌿:4,😔:4,👌:3,🔄:3,😞:3,🙁:3,🤩:3,🫂:3,☹️:3,📸:3,🦋:3,📚:3,🥱:3,🌅:3,😮‍💨:3,😐:3,🐅:3,🤌:3,🤓:3,🤞:3,😬:3,🎂:3,🤟:3,😓:3,🍃:3,🇵🇰:3,🌱:3,🤨:2,🌞:2,👍🏻:2,💪🏼:2,🔸:2,🐑:2,🌟:2,😱:2,🤤:2,🪔:2,🤲🏻:2,🟥:2,⬛:2,😵:2,🤌🏻:2,🌶:2,🍒:2,🕉:2,😛:2,🔹:2,😴:2,😯:2,🤢:2,🙊:2,🎁:2,🛕:2,😲:2,🖐️:2,🍂:2,☘️:2,💠:2,😇:2,💚:2,🙌:2,💢:2,🔁:2,🌄:2,🦁:2,🤫:2,🇭🇰:2,🐷:2,💮:2,✊:2,👇🏻:2,👉🏻:2,🫶:2,☀️:2,🌼:2,📌:1,➕:1,🌍:1,🐏:1,💘:1,🙇🏻‍♂️:1,👞:1,🐐:1,🍿:1,🍩:1,🎊:1,🎉:1,🎋:1,5️⃣:1,🔰:1,🤲:1,⏩:1,😼:1,🙌🏼:1,🐿️:1,🍫:1,🔑:1,🧿:1,♨️:1,🕊️:1,🐕:1,🤷‍♀️:1,🚢:1,🤘:1,👐:1,👠:1,🆔:1,🧭:1,☝️:1,*️⃣:1,🗡:1,🌓:1,🕸️:1,💍:1,🤷:1,😸:1,😠:1,🙇:1,👍🏾:1,🫠:1,🌚:1,😩:1,🚶🏻‍♀️:1,🙋:1,😷:1,🍻:1,🔂:1,🤐:1,🚶:1,✍:1,🤦🏻:1,🤚:1,💰:1,🗣️:1,😶:1,🛑:1,😟:1,📣:1,🏆:1,✏️:1,💇‍♀️:1,💃:1,💋:1,👫:1,🏏:1,💉:1,🏍️:1,🥃:1,🤙:1,✅:1,🌳:1,⚖️:1,🙆‍♂️:1,🦉:1,👎:1,👣:1,📿:1,☺️:1,🤰:1,🌌:1,⛳:1,😾:1,😰:1,✈️:1,💛:1,♦️:1,🤷‍♂️:1,🙆:1,🐣:1,😈:1,✊🏻:1,🗓️:1,🪀:1,🇾🇪:1,🖋️:1,🕺:1,➡:1,🕊:1,😦:1,🤲🏼:1,✌🏻:1,🚶‍♀️:1,🤺:1,🔙:1,🚨:1,🫦:1,🌧️:1,☔:1,🪴:1,🏵️:1,🤝:1,🥚:1,🤷🏻‍♀️:1,💦:1,🫡:1,🖐:1,💣:1,💓:1,💜:1,🤲🏽:1,📍:1,🫶🏻:1,🇮🇱:1,🐻:1,🐹:1,🌾:1,⚜️:1,🖌️:1
ur	🔹:665,😂:126,❤️:77,🤣:67,🔥:48,🙏🏻:31,😍:30,❤:29,👇:27,🇵🇰:24,🙄:22,😭:20,♥️:18,😜:17,😢:15,😁:14,🤔:13,💔:13,🌹:13,🤭:12,🔄:12,👎:11,🤲:9,😘:9,✌️:9,🙈:9,✨:9,🔁:8,😎:8,💞:8,💕:8,😆:8,🖤:8,👈:7,😃:7,🙏:7,🥀:7,😅:7,🚨:7,💗:6,💯:6,👏:6,🐕:6,🤪:5,🆔:5,😉:5,😐:5,🥰:4,😊:4,✌🏻:4,💚:4,🤨:4,❣️:4,🅱️:4,😌:4,🥺:4,🙃:4,💖:4,🌷:4,💪:4,🅰️:3,🖐️:3,😏:3,😄:3,😛:3,💐:3,🤗:3,🥲:3,🙊:3,🤦:3,🍂:3,🤐:3,✊:3,🥹:3,🙂:3,🕋:3,👌:2,🖐🏼:2,🥱:2,🌟:2,👑:2,♥:2,😝:2,🫶:2,😒:2,🤍:2,🤝:2,✌:2,📶:2,🔙:2,😔:2,💫:2,😀:2,💓:2,💙:2,🍁:2,🙌:2,😬:2,🇧🇬:2,✅:1,🤟:1,🙁:1,🌸:1,🌙:1,🤷‍♀️:1,👉:1,😹:1,😤:1,❗:1,✍:1,🫢:1,😱:1,📣:1,🖐:1,🔂:1,🤷:1,🕊️:1,🤤:1,🌻:1,😵‍💫:1,😇:1,☝:1,🚩:1,⬅️:1,🍃:1,🫣:1,☹:1,😪:1,🏳️‍🌈:1,🌈:1,👊🏻:1,🖋️:1,📿:1,🥳:1,💥:1,📸:1,🍅:1,🍓:1,💣:1,🤒:1,⛸️:1,👇🏻:1,🐃:1,🔸:1,😑:1,🇧🇫:1,🦅:1,🤦🏻‍♀️:1,🦋:1,😓:1,💝:1,♦️:1,🤮:1,🔔:1,📍:1,🌺:1,🤱:1,🦀:1,🤓:1,😩:1,🏃:1,🦁:1,🇸🇦:1,🌝:1,🇦🇫:1,🎵:1,🎼:1,🎶:1,🛑:1,😖:1,🙉:1,👊:1,🎯:1,👆:1,🥷:1,😞:1,👍🏼:1,😥:1,🫶🏻:1,🕵:1,🤧:1,👇🏿:1,🌧️:1,💪🏻:1,🎧:1,📜:1,🏴:1,🔷:1,🍀:1,👐:1,🐶:1,🤦‍♀️:1,👌🏻:1,😳:1,🇱🇾:1,❣:1,🏜:1,👀:1
fa	😂:279,😔:74,🔹:53,😭:49,😍:49,🥲:46,❤️:39,🥺:34,🤣:32,😐:27,💔:27,😅:26,😁:22,🙂:19,♥️:18,🤍:17,🌹:16,🤝:16,😊:14,❤:14,😑:14,💙:13,🫂:13,👌:11,😎:11,🔥:11,🙏:10,💜:10,🔴:10,🙃:9,✨:9,🗿:9,🚶‍♀️:9,😒:8,🥹:8,🤦🏻‍♂️:8,👏:8,🤔:8,💫:8,💯:8,😘:8,🌱:7,🙏🏻:7,🫠:7,🤌:7,🤝🏻:7,🌸:7,🌝:7,😉:7,😏:7,🤭:7,👍:6,😀:6,😄:6,✅:6,🤗:6,🦦:6,😬:6,💞:6,🤤:6,💚:5,🌺:5,🤦🏻‍♀️:5,🖤:5,😌:5,🤌🏻:5,🥰:5,🚶🏻‍♀️:5,📌:4,🥂:4,❗:4,🤲:4,🍷:4,🌷:4,🌚:4,🙄:4,👍🏻:4,😆:3,▪️:3,✌️:3,🤮:3,😩:3,😕:3,🚶:3,☹️:3,🙌:3,🫀:3,🌴:3,🍻:3,🤦:3,😃:3,😈:3,😞:3,💘:3,😢:3,🔸:3,✌:3,👀:3,👈:3,👏🏻:3,💦:3,😪:3,💥:3,☺️:3,💐:3,🌼:2,😝:2,👿:2,🔮:2,🤦‍♂️:2,😓:2,💎:2,💖:2,🤦🏼‍♀️:2,🌪:2,✉:2,🤩:2,🐸:2,🥒:2,🍆:2,🔶:2,💆🏻‍♀️:2,🎉:2,📚:2,❣️:2,⬇️:2,💅🏻:2,✌🏻:2,💕:2,🤝🏼:2,👇:2,🤷🏻‍♀️:2,😡:2,😠:2,🤲🏻:2,🚬:2,🤡:2,🌟:2,👑:2,🫶🏻:2,💅:2,📿:2,📥:2,⬅️:2,😳:2,🔰:2,🖕🏻:2,🧡:2,🙋🏻‍♀️:2,👩‍🦯:2,🙋‍♂️:1,🗡:1,🔒:1,💪:1,🕐:1,🎈:1,▫️:1,🌈:1,🟣:1,⚕:1,☯️:1,🧧:1,🤦‍♀️:1,🚶🏽‍♀️:1,🔽:1,🤦🏿‍♂️:1,😗:1,👉🏻:1,👈🏻:1,💝:1,👉:1,🚨:1,➖:1,🌿:1,🙏🏿:1,🤸:1,🍈:1,🇧🇷:1,🥕:1,🎄:1,👕:1,👘:1,🥑:1,👽:1,🏴󠁧󠁢󠁷󠁬󠁳󠁿:1,⭕:1,6⃣:1,1⃣:1,2⃣:1,🧑‍🦯:1,🌂:1,🦛:1,☂️:1,☔:1,🍇:1,⚡:1,🇫🇷:1,😤:1,😇:1,🚶🏻:1,🦧:1,🚀:1,🍃:1,💛:1,😫:1,💆🏻‍♂️:1,🥀:1,🎥:1,🔻:1,🤨:1,🤸🏻‍♀️:1,🎊:1,🫤:1,🤕:1,🛐:1,😻:1,🤦🏻:1,🦋:1,🪴:1,🍂:1,✊:1,1️⃣:1,📍:1,🤚🏻:1,🤚:1,✍️:1,🤷‍♂️:1,🦮:1,🚶🏻‍♂️:1,2️⃣:1,🤏🏻:1,🙏🏾:1,😥:1,🕋:1,🤥:1,♥:1,🔄:1,❤️‍🔥:1,👇🏾:1,🦾:1,👍🏽:1,🫱🏻‍🫲🏼:1,👾:1,🫐:1,🐞:1,✔:1,❣:1,😋:1,🙊:1,☄:1,🧊:1,🍐:1,🦨:1,👌🏻:1,🧐:1,☁️:1,🫣:1,🤝🏾:1,🤙:1,🤢:1,🤧:1,🤷🏻‍♂️:1,💠:1,🍀:1,3⃣:1,🎂:1,🐣:1,🙁:1,🕸:1,👩‍🔧:1,🤲🏼:1,🏃🏻‍♀️:1,🤪:1,👁:1,🎯:1,🔗:1,🦖:1,🤬:1,💁🏻‍♀️:1,💃:1,‼️:1,🧍🏻‍♀️:1,😜:1,🪄:1,📜:1,✏️:1,🚩:1,✍:1,🇸🇦:1,🇮🇷:1,👊🏻:1,🫦:1,🧘🏿‍♀️:1,🎧:1,🌻:1,✊🏼:1,❔:1,☁:1,🌙:1,8⃣:1,👩🏻‍🦯:1,😹:1,🏃:1,🧭:1,👋:1,🏃‍♂️:1,🙌🏻:1,🤐:1,😵:1,🔪:1,🩸:1,🫥:1,🙈:1,🐒:1
ca	🔹:725,🔥:246,😂:11,🤣:8,😍:8,🤔:7,💙:7,🔴:6,✨:6,✈️:5,🎉:5,📍:5,💀:5,🥳:4,💥:4,😜:4,💜:4,👉:4,📢:3,👊🏻:3,🖤:3,🧡:3,🎙:3,💕:3,❤️:3,😘:3,☕:3,🙌:3,🇪🇦:3,💰:3,🚨:3,💬:2,✍️:2,⚽:2,🕒:2,🤩:2,🎶:2,💚:2,📝:2,❤️‍🔥:2,➡️:2,‼️:2,👏:2,⛔:2,🤙🏼:2,✊🏽:2,💪🏽:2,💪:2,🌈:2,📸:2,📣:2,🥰:2,🥵:2,💔:2,😹:2,🐾:2,😼:2,😸:2,😏:2,🇵🇰:2,✅:2,🗓️:2,🔸:2,🚔:2,🙄:2,👌:2,🔵:2,⚪:2,🤎:2,⏰:2,📈:2,🟡:2,❌:2,🤮:2,⚠️:2,😅:2,💖:2,💧:2,📺:2,🌟:2,⚡:2,🇪🇸:2,🗓:2,🇺🇸:1,✝️:1,📆:1,🤷🏻‍♂️:1,😡:1,👮🏻‍♀️:1,👮🏼‍♂️:1,✔️:1,🌥:1,🏠:1,🥋:1,🙌🏻:1,🎤:1,📖:1,🤦🏿‍♂️:1,👥:1,🙏🏾:1,🐲:1,🏟️:1,💃:1,🤑:1,📅:1,🎒:1,🥈:1,🥉:1,🥇:1,🏅:1,🍃:1,🚩:1,🥺:1,💪🏻:1,😭:1,✊🏼:1,🏋️‍♂️:1,⁉️:1,📎:1,❗:1,🕌:1,⌚:1,👤:1,🎥:1,🗣:1,⏬:1,😄:1,🌸:1,👇🏻:1,🦍:1,🫶🏽:1,👎:1,🤗:1,😊:1,😮:1,🧘🏼‍♀️:1,🤙🏻:1,😎:1,💆🏼‍♀️:1,🍜:1,🥠:1,🤷🏽‍♀️:1,📓:1,🟢:1,😌:1,👏🏻:1,🔷:1,⛱️:1,🎭:1,🌡️:1,🌤️:1,🏰:1,📷:1,🕹:1,⬇️:1,😈:1,🤬:1,😤:1,🇬🇪:1,➡:1,‼:1,▶:1,💎:1,✊:1,🕥:1,🕤:1,💓:1,😩:1,🤡:1,🚶:1,9⃣:1,😆:1,🤦🏻‍♀️:1,🎾:1,📱:1,👉🏻:1,⏱️:1,🎆:1,🏆:1,👨‍👩‍👧:1,➕:1,🟣:1,👋:1,😁:1,👈:1,📞:1,🏹:1,🦇:1,😝:1,🤪:1,⚠:1,🏃‍♀️:1,🏃‍♂️:1,😞:1,👎🏽:1,🎇:1,🤭:1,🛐:1,🤌🏼:1,📹:1,😉:1,🙃:1,👀:1,🌙:1,🌺:1,🌱:1,🏫:1,🕓:1,❤️‍🩹:1,🤍:1,🇦🇫:1,💘:1,🎵:1,🐈:1,🔎:1,🏡:1,🐝:1,🥹:1,🌚:1,📲:1,💛:1,👅:1,☄️:1,🌧:1,🤒:1,😪:1,😔:1,🤳:1,🎂:1,😓:1,😫:1,👌🏼:1,❄️:1,♥️:1,🙏:1,😶:1,⛺:1,🫶:1,🎛️:1,👍:1
zh	❤️:51,😍:37,😂:36,🤣:33,😭:29,💰:28,💕:28,🥺:28,🔥:25,🥰:23,🥵:22,⚠️:20,➕:19,🥹:18,😆:16,💦:16,😘:15,1⃣:15,🎉:15,👍:14,✨:14,😅:14,💙:13,😉:12,‼️:12,👉:12,👇:11,🎁:11,☺️:11,😋:11,😄:10,🐔:10,🥳:10,🧡:10,🚪:9,👀:9,⬇️:8,❗:8,🧧:8,🤔:8,😜:8,💓:8,💞:8,✈️:7,🍵:7,🈷️:7,🤤:7,😊:7,🏆:7,💚:7,❣️:6,🉑:6,🔻:6,🫠:6,💗:6,🤪:6,⭐:6,©:6,🦶:5,🤭:5,1️⃣:5,😌:5,👌:5,🥲:5,🉐:5,👄:5,😏:5,🐍:5,🐻:5,😁:5,😎:5,♥:5,📷:4,♂:4,😈:4,🌈:4,😡:4,😳:4,❤:4,🇨🇳:4,📱:4,2⃣:4,💎:4,🚨:4,✅:4,😢:4,💥:4,🦉:4,🥴:4,😝:4,👈:4,🍑:4,👅:4,🐹:4,😱:3,🌟:3,🔍:3,👏:3,❓:3,🙄:3,😮‍💨:3,😬:3,🚫:3,🙏:3,🌙:3,🐱:3,🦁:3,🤍:3,🌸:3,🦅:3,🫵:3,🍆:3,2️⃣:3,🍃:3,🎂:3,💪:3,😚:2,💊:2,♥️:2,🌺:2,🎀:2,🤧:2,🤫:2,🥮:2,🌝:2,🙈:2,🖤:2,✌️:2,💒:2,🌹:2,🎬:2,💡:2,🌚:2,🎈:2,🧐:2,✖️:2,🚀:2,🌊:2,⚡:2,🚬:2,🐶:2,🌿:2,🫶🏼:2,🫂:2,👆:2,💤:2,🌤:2,㊗️:2,☀️:2,👉🏻:2,👈🏻:2,🈶:2,👩‍❤️‍💋‍👨:2,🍌:2,🌄:2,🐧:2,✊:2,🤩:2,0⃣:2,🔗:2,🤌:2,💋:2,🙋‍♂️:2,👶:2,7⃣:2,🐝:2,🥢:2,🙃:2,☕:2,🤟:2,🦋:2,😇:2,🌀:2,💜:2,🌜:2,🎊:2,📸:2,🎐:1,🌍:1,⚠:1,🫐:1,🍓:1,😨:1,⛵:1,🥶:1,🫧:1,🍔:1,🦊:1,👏🏻:1,😥:1,🧋:1,👙:1,🐳:1,🐤:1,🐮:1,⏬:1,🎮:1,🎡:1,🧢:1,🕶️:1,🍠:1,😠:1,3⃣:1,😫:1,😻:1,🧚‍♀️:1,👩‍🚀:1,🎑:1,🧸:1,😃:1,🌭:1,6⃣:1,9⃣:1,🐉:1,🔃:1,㊙:1,🕰:1,🛏:1,😰:1,🇮🇷:1,💀:1,👶🏻:1,🤨:1,🇹🇼:1,🏃‍♀️:1,👊🏻:1,😀:1,⛱️:1,🔑:1,📝:1,☹️:1,🙇🏻‍♀️:1,🙏🏻:1,🇪🇺:1,🧜‍♂️:1,💩:1,✍️:1,💢:1,🔸:1,🇭🇰:1,☺:1,👹:1,🏻:1,😽:1,🍺:1,🚅:1,🙉:1,🧦:1,😯:1,😮:1,🤯:1,😩:1,🙂:1,🦵:1,🥊:1,☁️:1,🫣:1,🌱:1,✔️:1,📩:1,🛋️:1,🐈‍⬛:1,🇰🇵:1,👍🏻:1,🍒:1,🍐:1,🐠:1,⭕:1,🫶:1,⛩️:1,🏦:1,🌛:1,🔫:1,😗:1,🏮:1,📍:1,🍋:1,😤:1,🔴:1,🤦‍♀️:1,👇🏻:1,🐑:1,☔:1,👟:1,👜:1,🤙:1,🌎:1,⌚:1,🕹:1,🌞:1,👩🏻‍🦰:1,😓:1,😺:1,💖:1,🧚🏻‍♀️:1,🈺:1,🔎:1,🏳️‍🌈:1,🇵🇱:1,🐷:1,👎:1,🎹:1,😣:1,🕷️:1,🥱:1,😴:1,🐓:1,🇨🇦:1,🇩🇪:1,🇯🇵:1,👋:1,✋:1,📉:1,😑:1,🍁:1,🎵:1,🎥:1,🧚🏻‍♂️:1,🍹:1,👋🏻:1,👊:1,🫰:1,🤝:1,🍬:1,🦵🏽:1,📽️:1,📼:1,💮:1,👼🏻:1,🌋:1,🤜🏻:1,❤️‍🔥:1,🤛🏻:1,🐰:1,🔹:1,💐:1,🇮🇩:1,👁️:1,🇷🇺:1,3️⃣:1,♐:1,☘️:1
de	😂:65,🔹:36,😉:33,🤣:33,🤔:29,👍:28,🥰:25,😅:24,😍:21,😊:20,🙈:19,🤡:18,😁:18,🔥:17,😭:17,🥳:16,🙄:16,❤️:14,🇩🇪:13,🤗:13,😳:13,🤷‍♂️:12,👀:11,😘:11,👇:9,💙:9,🤭:9,💛:9,🤮:8,☺️:8,✅:8,🥺:8,😏:8,➡️:8,😬:8,😀:7,☝️:7,💚:7,🚨:7,🙏:7,🙃:7,🤩:7,😋:6,😌:6,🍀:6,😢:6,👉:6,😱:6,🖤:6,📸:6,💜:6,🥴:6,♥️:6,😎:6,❗:6,⭐:5,🤪:5,🦋:5,🏆:5,✨:5,👏:5,🇷🇺:5,😜:5,❓:5,💫:5,🤬:5,💐:5,😄:5,🔴:5,👍🏻:5,⬇️:5,😇:4,😈:4,🤦‍♀️:4,🤦:4,⚡:4,😡:4,😆:4,🌀:4,🦁:4,🥹:4,🧡:4,😤:4,😞:4,🤍:4,🎵:4,🌐:4,💸:4,🤤:4,❤:4,😔:4,💯:4,🤑:4,🌞:3,💥:3,👻:3,🌈:3,⚛️:3,🤷:3,💪:3,🥵:3,💋:3,😃:3,🤞:3,🫠:3,🥲:3,🫣:3,💀:3,🤨:3,🤦‍♂️:3,💦:3,📚:3,😵‍💫:3,🙂:3,🇺🇦:3,⚽:3,😴:3,👥:3,⏰:3,🥂:3,🤓:2,👙:2,🙏🏻:2,💶:2,👏🏻:2,🤯:2,🌻:2,🚑:2,🚀:2,🇦🇹:2,💪🏻:2,🕒:2,👿:2,🐱:2,🏰:2,🙋‍♀️:2,🌷:2,🍃:2,🤖:2,💰:2,🔎:2,😽:2,🫶:2,💕:2,🏳️‍⚧️:2,💬:2,🥁:2,🏟:2,👄:2,🧐:2,‼️:2,🇨🇳:2,❌:2,🏝:2,🎀:2,🤷‍♀️:2,👑:2,👌🏻:2,🪵:2,💔:2,👊:2,🕊️:2,🔊:2,🌚:2,🎉:2,🧵:2,✊:2,🙋🏻‍♂️:2,👎:2,🩸:2,😪:2,✍:2,🔵:2,💲:2,🏈:2,💩:1,☝🏼:1,🇫🇷:1,🤟:1,😫:1,😩:1,✌🏻:1,🛒:1,®:1,🙋:1,🚶🏻‍♂️:1,⛰️:1,💝:1,🙌🏾:1,👋:1,🚶:1,🩹:1,🐭:1,🦠:1,🏁:1,🐞:1,😑:1,🤷🏽‍♀️:1,↪️:1,✍️:1,🗣️:1,☀:1,😚:1,🧎🏽‍♀️:1,🙉:1,🐈:1,🐈‍⬛:1,😧:1,🎁:1,🕯️:1,✈️:1,⬅️:1,👈:1,🧍:1,🏖️:1,🎶:1,📷:1,🇪🇺:1,💞:1,🛋:1,🍷:1,🅱️:1,🍆:1,🤷🏻‍♂️:1,💠:1,📲:1,🎼:1,📉:1,📍:1,📹:1,🙇🏻‍♂️:1,😸:1,😹:1,🦄:1,🦭:1,🚆:1,💭:1,🍻:1,🚛:1,🏎️:1,🚕:1,🚗:1,🚒:1,🛻:1,🚓:1,🚚:1,🚙:1,🚌:1,🚐:1,🤟🏼:1,🤙:1,🐺:1,🇪🇹:1,🇪🇷:1,🚴‍♀️:1,🤥:1,🌟:1,😒:1,™:1,❤️‍🔥:1,💓:1,💄:1,😶:1,🍹:1,🌱:1,🙋🏼‍♀️:1,🤷🏽:1,🌙:1,🗼:1,🌁:1,⛺:1,🏩:1,🏢:1,🐝:1,🌤:1,❣️:1,🛑:1,🤷🏻‍♀️:1,🎨:1,➡:1,🇮🇹:1,🥑:1,💃:1,🩰:1,👢:1,🌊:1,💧:1,📝:1,♥:1,🐦:1,🐥:1,🟨:1,🟥:1,🌺:1,📺:1,🏖:1,🏜:1,💵:1,⏱️:1,🔗:1,🥸:1,🤝:1,🍓:1,🎬:1,⌛:1,🗺:1,😝:1,🕷:1,🤌:1,🤌🏼:1,🙌🏻:1,🎊:1,👹:1,🏃🏽:1,🌅:1,🤞🏻:1,💅🏻:1,🧸:1,🎾:1,🐷:1,🤫:1,🌜:1,🥱:1,🫡:1,🪨:1,🧱:1,🫶🏼:1,🫂:1,😯:1,🚬:1,🪢:1,🌛:1,👮:1,💁🏻‍♀️:1,☀️:1,☹️:1,📃:1,🔇:1,💎:1,⛱️:1,⏳:1,🫢:1,⬆️:1,🎙️:1,🧭:1,😣:1,🌝:1,👆:1,🔐:1,🤦🏽‍♂️:1,2️⃣:1,🤦🏼‍♂️:1,😮‍💨:1,🐹:1,🌹:1,🚶🏾:1,🛢️:1,👁️:1,🛸:1,🗓:1,🐅:1,🏐:1,🍑:1,👅:1,👌:1,🍌:1,🥈:1,🥉:1,🥇:1,🏅:1,🍺:1,💖:1,🐮:1,🦃:1,👉🏼:1,🍉:1,👍🏾:1,🇫🇮:1
it	😂:65,❤️:49,🤣:49,😭:39,😍:25,😘:21,🔥:21,🥰:19,🤍:17,😅:17,✨:14,💙:13,🥺:12,😁:12,👇:12,🇮🇹:12,💜:12,❤:12,💀:11,😉:11,🙄:10,🙏:10,💋:10,😎:9,🥲:8,🔴:8,📸:8,💔:8,🫶🏻:8,🔹:8,👍:8,🥹:7,💖:7,🤗:7,🤩:6,🖤:6,👉:6,👏:6,💛:6,♥️:6,😊:6,🎶:6,😏:6,❤️‍🩹:6,🫂:6,🤔:6,🤭:6,💪:6,🇪🇺:5,🇺🇸:5,💗:5,‼️:5,💥:5,😡:5,🇧🇷:5,🦋:5,⚫:5,💎:5,🇷🇺:5,❓:5,⚡:5,🤡:4,👋:4,🐶:4,☺️:4,🤢:4,🙈:4,🆘:4,😀:4,🤮:4,⚪:4,👀:4,💕:4,💓:4,🤪:4,💫:4,⚽:4,🎸:4,🦷:4,🦈:4,🏳️‍🌈:3,🌍:3,😇:3,✅:3,✍🏻:3,📌:3,🎙:3,🫶:3,🥂:3,🫣:3,🏆:3,😌:3,🧐:3,🤦🏻‍♂️:3,✈️:3,💞:3,💝:3,🗣:3,💐:3,😆:3,🙂:3,🤬:3,❄️:3,😱:3,🍀:3,❤️‍🔥:3,💩:3,⬇️:3,🎵:3,🥳:3,🇺🇦:2,🌹:2,🤎:2,😐:2,😈:2,🔵:2,💚:2,🐱:2,😄:2,➡:2,🙃:2,🤨:2,🌏:2,🌎:2,😋:2,💦:2,🤷‍♂️:2,🎩:2,🖕🏼:2,🌺:2,😢:2,👏🏻:2,😩:2,💘:2,😜:2,💪🏻:2,✍️:2,🤏🏻:2,🙏🏻:2,🌟:2,🌛:2,🌿:2,☁️:2,🏔️:2,😃:2,⚠️:2,⏱️:2,🇲🇩:2,7️⃣:2,0⃣:2,🐞:2,😔:2,🧡:2,💪🏽:2,👑:2,🇵🇱:2,😮‍💨:2,☮️:2,😵‍💫:2,🍫:2,😞:2,🍝:1,🇬🇧:1,🌈:1,🦄:1,❎:1,👉🏻:1,🫠:1,➡️:1,🟢:1,☹:1,🤦🏻:1,🙋:1,👈🏻:1,🚚:1,🚙:1,🚗:1,🚢:1,ℹ️:1,🇹🇷:1,🥱:1,📅:1,🖕:1,🔊:1,🕘:1,4⃣:1,🏡:1,⛱️:1,👋🏼:1,🥵:1,👇🏼:1,🖐:1,👁:1,😳:1,👹:1,🔗:1,⚓:1,🕯:1,🇪🇹:1,📚:1,🐟:1,🤑:1,🌻:1,🔫:1,🇬🇭:1,🍂:1,💣:1,🕺:1,👯:1,🤷‍♀️:1,🐰:1,💉:1,🖕🏻:1,😤:1,👌:1,🦁:1,🍪:1,🌡️:1,👈:1,🦊:1,📏:1,😪:1,🤦🏼‍♀️:1,🌸:1,🦅:1,🫶🏽:1,👩‍❤️‍💋‍👩:1,🔜:1,🐨:1,🎈:1,🏌🏽‍♂️:1,⛪:1,🗣️:1,🔸:1,☀️:1,✌🏽:1,📰:1,🚘:1,📃:1,🌤:1,🕒:1,🇸🇪:1,🥸:1,🔐:1,🥄:1,🚀:1,📻:1,👄:1,🦐:1,⛔:1,🏅:1,🥛:1,⤵️:1,🚑:1,📷:1,😹:1,🤌🏻:1,👉🏾:1,🤯:1,💶:1,😦:1,👊🏽:1,📲:1,🎉:1,🎊:1,😶:1,🌌:1,💆🏼‍♀️:1,🤵🏻:1,🏹:1,🤞🏻:1,🃏:1,😴:1,🕊:1,🖐️:1,🚶:1,📽️:1,😚:1,🥇:1,➖:1,#⃣:1,✝:1,😠:1,🪔:1,🤤:1,🇨🇦:1,♥:1,🐾:1,🌶:1,😝:1,🐝:1,🚨:1,❌:1,🕊️:1,🎼:1,🍷:1,🛌:1,🔪:1,🌠:1,🪐:1,🤟:1,🐻:1,🌶️:1,🤦🏻‍♀️:1,🤧:1,😒:1,❣️:1,🧍🏽‍♀️:1,🤦:1,🫵:1,🤙🏻:1,🖖:1,👅:1,✒:1,😿:1,🫡:1,🤘🏻:1,🔨:1,📍:1,🧍🏼‍♀️:1,💡:1,🧛🏽‍♂️:1,🤦‍♀️:1,👕:1,👏🏾:1,🦉:1,🤦‍♂️:1,🤌:1,🗓:1,💬:1,⭐:1,🤞:1,🥶:1,🐷:1,🙌🏻:1,👎🏻:1,🌜:1,🏴:1,🏳:1,🏁:1,🙋‍♂️:1,🌾:1,🫶🏼:1,✌️:1,📝:1,😲:1,🖇️:1,🔁:1,💯:1,🌞:1,🥀:1,🌼:1,🌴:1,🤌🏼:1,🙁:1,☕:1,🎨:1,✈:1,🤌🏽:1
pl	😅:57,🤣:38,😂:28,😉:23,❤️:20,😭:19,😁:18,💪:17,🤔:16,😎:14,✨:14,🔥:13,🥺:11,🥰:11,👍:10,😍:10,🥹:10,❗:10,🇵🇱:10,💀:9,😊:8,🤪:8,🙃:8,👇:8,🥲:8,🤭:7,😜:7,😀:6,🇺🇦:6,😔:6,‼️:6,☝️:6,🔴:6,💥:6,👀:6,😆:5,🤦:5,💙:5,🤩:5,👌:4,💖:4,🤨:4,♥️:4,😘:4,🙏:4,🙂:4,💜:3,🤍:3,💗:3,😱:3,🤡:3,⚪:3,🫶🏻:3,🌹:3,💔:3,✌️:3,😳:3,😏:3,☹️:3,😃:3,💭:3,🤬:3,💫:3,😛:2,▶️:2,🎥:2,😡:2,🇦🇷:2,🫣:2,☠️:2,🥂:2,🕒:2,💪🏻:2,🤷🏻‍♂️:2,⚡:2,📢:2,🎯:2,😻:2,🤕:2,🤤:2,🍑:2,🅰️:2,📷:2,☕:2,❤️‍🔥:2,👏:2,❤:2,💞:2,🔁:2,👎:2,🤮:2,😈:2,⚠️:2,🤗:2,⭐:2,👊:2,🔵:2,⚽:2,0️⃣:2,❓:2,🎶:2,😋:2,💅🏻:2,🥱:2,🇮🇹:2,👋:2,🇷🇺:2,💋:2,🔊:2,➡️:2,😌:2,📸:2,😢:2,💩:2,🟡:2,🟢:2,🤠:2,🔝:2,🐰:2,💛:2,⏳:2,📍:2,🙏🏼:1,🏆:1,✔️:1,🇫🇮:1,🫡:1,🐉:1,🧐:1,👻:1,🇩🇰:1,❤️‍🩹:1,🇷🇴:1,😠:1,🤫:1,😬:1,🙆🏼‍♂️:1,☁:1,⛔:1,🥴:1,🏁:1,🫢:1,🤷‍♂️:1,❄️:1,🙌:1,🌸:1,🐑:1,🍯:1,👏🏼:1,🌪:1,🛡:1,⌛:1,📲:1,🔓:1,📺:1,✅:1,🇨🇳:1,©️:1,😮‍💨:1,🐈:1,🐈‍⬛:1,📚:1,🪦:1,🎧:1,🫶🏼:1,🍀:1,🌼:1,🥵:1,😲:1,🤎:1,🏀:1,🤷:1,🐻:1,🤷🏻‍♀️:1,🇩🇪:1,🚨:1,🇭🇷:1,1️⃣:1,6️⃣:1,9️⃣:1,☀:1,💬:1,🐶:1,🫶:1,🦧:1,🌟:1,🧠:1,😐:1,💵:1,💰:1,2️⃣:1,3️⃣:1,🇯🇵:1,🇸🇪:1,🥈:1,🥉:1,🥇:1,👮:1,👮‍♀️:1,🔽:1,😇:1,🫀:1,🧀:1,🍅:1,🍖:1,👍🏽:1,🍔:1,🥖:1,🥒:1,🌿:1,🚫:1,🔸:1,🏳️‍🌈:1,😵‍💫:1,🤷🏼‍♂️:1,😯:1,💣:1,💅:1,☝🏼:1,😫:1,🔗:1,⤵️:1,👆:1,🇭🇺:1,🇪🇪:1,🥃:1,🫵:1,🤏:1,🫠:1,🤘🏼:1,🙄:1,🤦‍♂️:1,🇬🇧:1,💃🏼:1,🤟:1,⚫:1,👹:1,💎:1,💚:1,🖤:1,🙈:1,☺️:1,🤑:1,😴:1,📣:1,🤞:1,🙆:1,🤲🏻:1,✍️:1,☁️:1,🥶:1,🍞:1,🦊:1,🕺:1,💃:1,👍🏻:1,🎀:1,🐱:1
et	🔹:77,😂:57,🔥:40,❤️:28,🤣:20,😭:19,🙏:17,💥:16,😍:15,🥵:8,📸:8,✨:8,🥺:8,🥰:7,🥲:6,😘:5,🤭:5,😅:5,🥹:5,❤:5,😆:4,🤔:4,💔:4,‼️:4,😳:4,💜:4,🙂:4,💙:4,💦:4,🤤:4,🎶:4,🤗:4,😎:4,🤍:4,😔:4,💫:4,❤️‍🔥:3,🙄:3,🤦:3,💗:3,🥚:3,😪:3,🤙:3,🤏:3,👍:3,💚:3,😋:3,🫠:3,😀:3,🌋:3,📢:3,🤝:3,🙏🏻:3,🤧:3,🌸:3,😊:2,💕:2,🤡:2,♦️:2,💄:2,🃏:2,💀:2,🍀:2,💖:2,🧸:2,🧈:2,🛌:2,🚶:2,😄:2,📍:2,⏰:2,🎄:2,😹:2,☝️:2,😩:2,🤩:2,🕺:2,🍊:2,🇺🇸:2,🤮:2,💪:2,🙁:2,💓:2,🦖:2,🐷:2,🫡:2,🤪:2,😃:2,♥️:2,🔗:2,©️:2,⭐:2,💯:2,✅:2,😁:2,👇:2,🫣:2,💋:2,🫂:2,©:2,🚦:2,🎧:2,✌️:2,💘:1,📀:1,⛽:1,🤲:1,🎭:1,🌿:1,☘:1,🌱:1,😴:1,😜:1,📣:1,🤌🏻:1,🙏🏼:1,🐋:1,🌝:1,🐃:1,🥁:1,🎵:1,🇹🇷:1,🧿:1,🥐:1,🧢:1,🧤:1,🧺:1,❌:1,👏:1,🕶️:1,🐼:1,👍🏻:1,👀:1,🇵🇰:1,🧇:1,🍻:1,🇧🇷:1,🌚:1,❤️‍🩹:1,💐:1,😢:1,🚶🏽‍♂️:1,❣️:1,🫶🏼:1,🎈:1,😈:1,😑:1,🚮:1,🍑:1,😞:1,🫶🏻:1,🍌:1,♥:1,🚶🏻‍♀️:1,🐰:1,🐻:1,✌🏻:1,🥝:1,🥱:1,😌:1,🛒:1,🍏:1,👌:1,👻:1,🤸🏾:1,😵‍💫:1,❗:1,🍫:1,💸:1,💵:1,🚀:1,🪙:1,🕊️:1,💃:1,☀️:1,👋:1,👊:1,🫶🏽:1,🎬:1,🟩:1,🟥:1,🤦🏻‍♂️:1,🚶🏽:1,👉🏻:1,😤:1,🐯:1,🇮🇹:1,🤌:1,👿:1,😼:1,🫰:1,😚:1,👉:1,👈:1,🔒:1,☺️:1,😣:1,🙊:1,🙈:1,🗿:1,🌦️:1,🐱:1,🐨:1,🌉:1,🇯🇵:1,⛱:1,💪🏾:1,🙏🏾:1,🤞🏾:1,🎁:1,🦾:1,🤞🏻:1,👾:1,👏🏼:1,🇯🇲:1,🔛:1,▶️:1,🚘:1,📻:1,💞:1,👊🏼:1,👁:1,💝:1,🍓:1,👸:1,🏆:1,👰‍♀️:1,🔸:1,☝:1,🫶:1,🎗️:1,🙀:1
ru	😂:29,😭:23,🤣:23,⚡:13,❤️:13,🥺:12,🤔:10,🥹:10,😔:9,👍:9,😅:9,😉:9,😁:8,😊:7,🤧:6,💔:6,🇺🇦:5,🥰:5,🙄:5,🙏:5,🙂:5,✨:5,🥳:4,😜:4,🤭:4,😃:4,💗:4,😌:4,😍:4,❗:4,👀:4,💕:4,🤩:4,💖:4,🥲:4,😋:4,😢:3,🤍:3,🔥:3,🇷🇺:3,😘:3,😏:3,😳:3,😆:3,🤡:3,🙈:3,💙:3,☝️:3,👌:3,💓:3,🤲:3,☝:3,😄:3,👇:3,🤝:3,👇🏻:2,✌️:2,✅:2,⭐:2,🤷‍♀️:2,🤪:2,🙁:2,🌠:2,☹️:2,🍂:2,🤦‍♂️:2,🧡:2,🇺🇸:2,‼️:2,😤:2,💘:2,🤫:2,👑:2,💰:2,🤦‍♀️:2,🤦🏿‍♂️:2,⬇️:2,🐍:2,🤗:2,😎:2,😡:2,🇦🇿:2,🫠:2,😩:2,🍷:2,❤️‍🩹:2,😀:2,💀:2,💜:2,✊🏻:1,🕵️‍♀️:1,🫶🏻:1,🇹🇷:1,🥱:1,🤮:1,👍🏻:1,🤬:1,🇱🇻:1,🤷:1,😼:1,🤲🏻:1,🦞:1,🍚:1,🇰🇿:1,🔜:1,👋:1,🍰:1,📈:1,🍁:1,🫂:1,📝:1,🤷‍♂️:1,❣️:1,🔫:1,🫢:1,💪🏽:1,🙌:1,🤨:1,⛓️:1,👊🏻:1,⚪:1,🔴:1,💌:1,💝:1,🙏🏼:1,🫳🏻:1,🫴🏻:1,☺️:1,😐:1,✊:1,🇬🇪:1,🐁:1,💪🏻:1,📢:1,🔊:1,🫰🏻:1,🗿:1,💦:1,⛔:1,🚬:1,🌞:1,❤:1,💨:1,😬:1,👊🏼:1,➡️:1,🇫🇷:1,💞:1,🤷🏻‍♂️:1,💥:1,💁‍♂️:1,😴:1,😱:1,✌:1,🔸:1,👸:1,💐:1,🌹:1,🤷🏽‍♀️:1,😝:1,🖤:1,🥸:1,💭:1,🤟🏻:1,💅🏻:1,✍️:1,😖:1,🙃:1,🎤:1,🎶:1,✌🏻:1,🥂:1,🤐:1,😇:1,💫:1,🫥:1,☠️:1,🤌🏻:1,🏃🏻:1,🏊‍♂️:1,🚴‍♂️:1,🇯🇵:1,⚰️:1,☀️:1,🌚:1,💛:1,🐱:1,😲:1,🕯:1,🐛:1,🫶:1,❤️‍🔥:1,🍌:1,🙏🏿:1,💬:1,⬅️:1,💪:1,🫦:1,🤦🏼‍♀️:1,🤦🏻‍♀️:1,©:1
nl	😂:29,🤣:21,❤️:14,😉:14,😭:12,🥰:10,🤡:9,👇:9,😅:9,😁:8,👍:8,🇮🇹:8,🙏:7,😔:7,😍:6,👑:6,😊:6,🇳🇱:6,💪:5,🍀:5,🤗:4,🤍:4,✨:4,🔥:4,🤔:4,🤮:4,🤩:4,😘:4,🤭:3,💙:3,🥺:3,🇺🇦:3,🥂:3,🤓:3,😹:3,😜:3,☺️:3,😆:3,💋:3,😎:3,🤢:3,🏆:3,🙈:3,👀:3,😵‍💫:3,🥵:3,🤬:3,❤:3,📸:3,♥️:2,💪🏻:2,😥:2,🚨:2,💥:2,😋:2,🧐:2,✅:2,💳:2,💭:2,🙂:2,🙋‍♀️:2,🎉:2,😌:2,👏:2,🤦🏼‍♂️:2,💕:2,⚠️:2,😬:2,❤️‍🔥:2,😏:2,🤪:2,😡:2,💖:2,🫣:2,🕺:2,💃:2,☀️:2,☕:2,👍🏻:2,👌:2,©:2,🤷🏽‍♀️:2,😩:2,😄:2,💀:2,🤯:1,📐:1,📢:1,🌻:1,🔎:1,🍁:1,🔞:1,👌🏼:1,🤦🏻‍♀️:1,🫶:1,❗:1,🎸:1,5️⃣:1,0️⃣:1,🏥:1,🥲:1,🌟:1,🚕:1,🇵🇷:1,⚽:1,📆:1,▶:1,🧺:1,🍰:1,🚫:1,🎶:1,👊🏼:1,🤘🏼:1,🇩🇪:1,⌚:1,✈️:1,↙️:1,💚:1,🥩:1,💡:1,‼️:1,👻:1,🤷‍♂️:1,😫:1,🔆:1,🙊:1,💻:1,👆:1,🌹:1,🇷🇺:1,🫶🏿:1,🫂:1,🇳🇴:1,👿:1,🏁:1,🙃:1,🖐️:1,💌:1,🎀:1,🏴󠁧󠁢󠁥󠁮󠁧󠁿:1,🏌️:1,🌈:1,🔵:1,⚪:1,🍄:1,🍅:1,🤨:1,🌼:1,👇🏽:1,🍮:1,🍩:1,🍚:1,🫰:1,🙌:1,🤲🏻:1,🚮:1,🤞🏻:1,😠:1,👉🏻:1,🌙:1,🚓:1,🔴:1,🏖:1,👊:1,🖼:1,🖇:1,😒:1,☠️:1,😳:1,🤷🏼‍♀️:1,☘️:1,🇮🇳:1,💉:1,💰:1,🏡:1,📍:1,👇🏼:1,🖤:1,✌️:1,👏🏾:1,👈:1,👉:1,🙏🏻:1,📹:1,😖:1,🤝:1,😕:1,🥴:1,🙁:1,🇧🇷:1,🏎:1,🍾:1,🙄:1,🐸:1,😢:1,❤️‍🩹:1,🖋️:1,😴:1,😱:1,🤳🏾:1,❄️:1,🫠:1,❓:1,🖕🏽:1,💩:1,📷:1,🔗:1,☹️:1,🗓:1,♉:1,👏🏻:1,🍻:1,🦩:1,☁️:1,💬:1,👇🏻:1,🫶🏻:1,⚫:1,🟢:1,👠:1,◻️:1,◼️:1
ht	😂:40,🤣:27,😭:18,❤️:10,🔹:7,🚶:5,🔥:5,🥰:5,🙏:5,👍:5,😍:5,❤:5,🙏🏼:4,😁:4,‼️:4,🥹:3,📸:3,😐:3,🌫:3,📍:3,😎:3,🥲:3,🤔:3,🙌🏼:3,☺️:3,👀:3,💀:3,😆:3,😘:3,😉:2,🤌:2,💙:2,👇:2,🤭:2,📌:2,🌻:2,🌝:2,😃:2,🤗:2,💖:2,💯:2,😒:2,😊:2,🚨:2,🤍:2,🙏🏾:2,💕:2,🙂:2,🥺:2,🙄:2,😩:2,✨:2,🚀:2,🤩:2,😢:2,✌️:2,🦄:2,🗳:2,💚:2,🙍🏻‍♀️:1,🚩:1,🤛:1,🤜:1,🤟:1,😚:1,👊:1,🫶:1,😅:1,🖕:1,😖:1,😈:1,♥️:1,🛑:1,🏷:1,☎:1,🤦🏽‍♂️:1,🧏🏽‍♀️:1,🍃:1,💌:1,🛒:1,❣️:1,🫶🏽:1,🍷:1,👊🏾:1,🙌🏽:1,🥳:1,🤕:1,😮:1,🔘:1,💘:1,🥵:1,👌:1,🎶:1,😤:1,⚜️:1,📈:1,🌀:1,🙀:1,🤒:1,🐰:1,🐶:1,🐹:1,🦁:1,💪:1,🦅:1,🏏:1,🫂:1,🍟:1,🦑:1,💛:1,🤡:1,🎧:1,🏴‍☠️:1,🌾:1,🙋‍♀️:1,📧:1,🔽:1,🤝:1,👉:1,👈:1,🫰:1,🔗:1,😋:1,🙌:1,😙:1,🥴:1,🤷‍♂️:1,🤷🏾‍♀️:1,💥:1,💫:1,🔱:1,😔:1,👊🏿:1,🍂:1,🍁:1,😡:1,🖤:1,😌:1,👇🏻:1,🤞🏼:1,🌹:1,🐾:1,🇲🇽:1,📷:1,👇🏼:1,💎:1,🤓:1,⭐:1,😞:1,🤦🏾‍♀️:1,©:1,💋:1,⏳:1,🔑:1,💜:1
ta	😂:25,🔥:24,❤️:17,🤣:14,❤:8,😍:8,🙏:6,💦:5,🤭:4,👌:4,💪:4,👑:4,💥:4,🖤:4,💚:4,💯:3,😁:3,🤩:3,🧡:3,🤔:3,❣️:3,😄:3,💙:3,😉:2,😆:2,😡:2,😭:2,💖:2,🙄:2,🤗:2,🥳:2,🥵:2,💕:2,👇:2,😎:2,😋:2,🍑:2,👙:2,🥑:2,🍆:2,😢:2,😊:2,🤪:2,💋:2,😳:1,🧑‍🦯:1,😲:1,🤐:1,🏃:1,🥺:1,🤝:1,🥁:1,😚:1,🤧:1,😞:1,🤡:1,🐿️:1,🎶:1,🤍:1,😀:1,😱:1,😬:1,😌:1,😇:1,🐀:1,🔹:1,🤫:1,💪🏼:1,✊🏼:1,🥰:1,👎:1,😏:1,🙌:1,🍌:1,🐐:1,🐅:1,🏹:1,🐟:1,🍎:1,👅:1,👄:1,😴:1,🤘:1,👉:1,😕:1,🗣️:1,🧛:1,👏:1,✊:1,🎂:1,🎉:1,🌺:1,🍫:1,🚶🏾‍♀️:1,🤞:1,🙂:1,🤦:1,♥️:1,😘:1,🙈:1,🍳:1,🥹:1,🍓:1,🥝:1,💓:1,☺️:1,🤦🏾:1,😅:1,💫:1,🍻:1,💪🏻:1,🙏🏻:1
vi	🔹:10,😍:9,💦:8,❤️:8,🤤:7,🤣:7,😂:6,😆:6,🔥:5,🍆:5,📍:4,✨:4,😝:4,😜:4,🥹:4,😌:4,💙:4,🔁:4,🥰:4,🇻🇳:3,😋:3,👉:3,😵:3,😁:3,😗:3,🥺:3,🌻:3,💓:3,😅:3,💞:3,📆:2,😭:2,👇:2,😵‍💫:2,👍:2,😘:2,🥲:2,✅:2,🌚:2,🍀:2,🤭:2,💋:2,😟:2,😙:2,🍑:2,💯:2,❤:2,💥:2,❌:2,😛:2,💕:2,✈️:2,😈:2,🐢:2,🙏🏻:1,👇🏽:1,😥:1,📮:1,⛺:1,🚀:1,🌟:1,🚢:1,🎉:1,😼:1,⚓:1,🕕:1,🗓:1,🧚‍♀️:1,💬:1,😢:1,😤:1,📌:1,😉:1,💚:1,👤:1,💆🏻‍♀️:1,‼️:1,😣:1,😖:1,🆘:1,👋:1,🖤:1,🤧:1,😒:1,🦉:1,😊:1,🌺:1,😚:1,🙃:1,🤗:1,🤩:1,🌹:1,🫠:1,🤹🏻‍♀️:1,👄:1,👏:1,❣️:1,®:1,🇹🇷:1,🤡:1,💠:1,💸:1,📲:1,😄:1,😴:1,👀:1,🙊:1,👅:1,🏡:1,🙈:1,🏨:1,🙉:1,👁:1,🐶:1,✌:1,🔞:1,🙏:1,🎀:1,🍌:1,🔽:1,🥵:1,⤵:1,✍:1
sv	🇪🇹:23,🇪🇷:20,😂:10,🇸🇪:10,❤️:10,💥:8,🥰:5,💜:5,🤣:4,🤮:4,👍:4,😭:3,📹:3,💔:3,💙:3,🔥:3,📸:3,😎:3,✅:2,💀:2,🤡:2,🎥:2,▶:2,💵:2,👉:2,🥲:2,💞:2,😇:2,🇪🇺:2,✌️:2,🌍:2,😏:2,🫶🏻:2,😳:2,🚩:2,😈:2,😊:2,👌:2,🥹:2,❌:2,⚽:2,💸:2,👇🏻:1,🙏🏻:1,🏴󠁧󠁢󠁥󠁮󠁧󠁿:1,💰:1,📝:1,🐰:1,©:1,🐱:1,☕:1,😩:1,✊:1,😄:1,🐿️:1,❤️‍🔥:1,🏴‍☠️:1,🇺🇦:1,🎶:1,💛:1,🤩:1,🙏:1,ℹ️:1,😉:1,🔴:1,🐈:1,🕴️:1,💃:1,😷:1,💫:1,🍺:1,🙏🏽:1,☺️:1,✊🏻:1,🙂:1,🫂:1,💚:1,💦:1,😀:1,❗:1,📦:1,🐍:1,👍🏻:1,🤓:1,🤔:1,🍃:1,™:1,🤞🏾:1,🧡:1,🔝:1,😍:1,📌:1,💪:1,🇮🇹:1,✏️:1,🤭:1,😆:1,🤞:1,🌛:1,😑:1,🐯:1,👋:1,👩🏻‍❤️‍👩🏻:1,👩🏻‍❤️‍👨🏻:1,💕:1
uk	😂:12,‼️:11,🔥:11,🇺🇦:10,😍:6,🔸:6,🇦🇿:5,🙏:5,🤡:4,😭:4,🥲:4,❗:4,🤔:4,🥺:4,💔:4,✨:4,💛:4,⚡:4,🥹:3,😔:3,💥:3,😅:3,🙂:3,❤️:3,💙:3,🤬:3,💬:2,🕯:2,🫠:2,👍:2,🤍:2,😆:2,🥰:2,👺:2,😼:2,🤩:2,🧵:2,🤗:2,©:2,🍁:2,💪:2,💅:2,👀:2,😢:2,🫢:2,👹:2,😎:2,🤷‍♂️:2,😄:1,💣:1,🚘:1,💳:1,👉:1,❤️‍🔥:1,🦾:1,📌:1,🛐:1,🙏🏼:1,🤯:1,🤦‍♂️:1,🔗:1,🔱:1,😊:1,😉:1,💖:1,🤝🏻:1,❄️:1,⚔:1,⬆️:1,🛩:1,1️⃣:1,2️⃣:1,⚔️:1,🇹🇷:1,🤧:1,😀:1,🤲:1,➡️:1,🙃:1,😁:1,😬:1,😱:1,📢:1,☦️:1,⏯:1,💓:1,😈:1,⚓:1,🎏:1,🤮:1,🎉:1,🤌🏻:1,💫:1,😞:1,🧃:1,👌🏻:1
cs	🔹:26,😊:26,🤣:10,🔥:9,😂:7,👍:5,😎:4,❤️:4,😁:3,🥰:3,😉:3,🙏:3,😍:3,🤔:3,©:3,🐿️:3,🇺🇦:2,🔗:2,📷:2,💯:2,👌:2,🙏🏻:2,🤗:2,🌺:2,😭:2,💌:2,🫠:2,😀:2,😅:2,😃:2,🤍:2,🤤:2,😇:1,📌:1,👇:1,⭐:1,📅:1,🔴:1,⏰:1,😕:1,🟦:1,🟧:1,⬜:1,🌟:1,💥:1,🙈:1,🥶:1,💵:1,📢:1,↪️:1,💻:1,🚚:1,🗞️:1,📍:1,🎇:1,👀:1,😳:1,🧡:1,☀️:1,🖤:1,🙋‍♀️:1,💜:1,🐽:1,🔻:1,💅:1,♥️:1,😄:1,🙄:1,🇬🇧:1,🇪🇺:1,🌊:1,🍭:1,💓:1,🎙:1,🎛:1,🐕:1,🐒:1,🧐:1,💔:1,🤷:1,♻️:1,😆:1,😜:1,🤷🏾‍♀️:1,📚:1,💚:1,🌙:1,🕒:1,🌚:1,😌:1,😔:1,🍀:1,😮‍💨:1,💦:1,🫢:1,🎗:1,🐷:1,💗:1,💕:1,📮:1,🫶🏻:1,🗓:1
el	😂:15,🇬🇷:7,🤣:6,🏀:5,❤️:5,🙏:4,👏:3,😁:3,🙄:3,🤔:3,🥳:3,😊:3,😌:3,😉:3,🤮:2,🤷:2,💦:2,💫:2,🌺:2,🎈:2,🥲:2,🆘:2,🔥:2,😢:2,😄:2,🤗:2,🖤:2,🤝:2,🤡:2,😜:2,💪:2,🤭:2,‼️:2,😈:2,😏:2,📸:1,💜:1,🤩:1,💪🏿:1,🥺:1,🌿:1,👺:1,😡:1,😐:1,🤞:1,🥹:1,👌:1,✌️:1,👉🏻:1,📌:1,ℹ️:1,💕:1,🖐️:1,🏃:1,😎:1,⚡:1,✅:1,®:1,😔:1,💯:1,🙇:1,🌹:1,😆:1,😅:1,😳:1,🧚‍♂️:1,💞:1,♥️:1,😮‍💨:1,😩:1,😒:1,😬:1,🚨:1,💥:1,❤:1,🛢:1,🔜:1,😛:1,🤷‍♂️:1,🤐:1,👇🏼:1,🤓:1,🤌:1,🔸:1,👇:1,💧:1,🍷:1,💤:1,😘:1,🍇:1,🌠:1,🌸:1,🧋:1,🍃:1,💣:1,👍🏻:1,🙌:1,🌟:1,🙋🏻‍♀️:1,💉:1,🙃:1,😇:1,🤌🏾:1,🌞:1,🥵:1,✨:1
cy	😭:11,🥺:7,😂:7,❤️:7,💔:7,🔥:6,😅:5,🎥:5,📸:4,🏴󠁧󠁢󠁷󠁬󠁳󠁿:4,💗:3,✌️:3,💪:3,⚫:2,🥹:2,🔹:2,🫶:2,💯:2,💭:2,😍:2,👉:2,⚽:2,🇬🇷:2,🤣:2,🎉:2,💚:2,💙:2,😓:2,💌:2,👏:2,⚡:1,🔴:1,🍒:1,🍉:1,📍:1,📅:1,💋:1,🧡:1,😜:1,🤲🏻:1,😊:1,☀️:1,🕯:1,🙆🏾‍♂️:1,📷:1,👈:1,🇪🇹:1,❤:1,🥵:1,‼️:1,🩺:1,🤘:1,⚪:1,🥲:1,👻:1,🌿:1,😽:1,🎪:1,👍:1,😳:1,💜:1,🍺:1,👍🏻:1,😩:1,🗓️:1,🆚:1,🤩:1,💫:1,👏🏾:1,😎:1,🙌🏽:1,🎸:1,🤦🏻‍♀️:1,✨:1,👋:1,🐐:1,💲:1,💪🏽:1,⚠️:1,💕:1,🙏🏼:1,🦴:1,🥇:1,🤕:1,🙇🏻‍♀️:1,🤯:1,🤘🏾:1,😟:1,☹️:1,⏰:1,📺:1,🏟:1,🤞🏽:1,🙏🏾:1,🥰:1
ro	❤️:12,😂:9,✨:7,🔥:7,🧡:7,🖤:7,🤎:6,🌿:4,🦅:4,😭:4,💜:3,🫠:3,⭐:3,💡:3,💚:3,😎:2,🫶:2,🥰:2,🫰:2,🤍:2,💖:2,👏:2,🙌:2,🔗:2,📸:2,🤩:2,🤭:2,💙:2,🧋:2,🛴:1,🤠:1,🙇‍♀️:1,😛:1,😍:1,😘:1,🥺:1,🏛️:1,♉:1,😌:1,😳:1,🤣:1,🥹:1,✅:1,🇷🇺:1,👿:1,🌱:1,🍁:1,🌾:1,🥲:1,🚀:1,☺:1,🤗:1,💰:1,🧸:1,🔴:1,👑:1,💯:1,🙂:1,♥️:1,🆘:1,🙇🏽‍♀️:1,🐝:1,💌:1,✳️:1,🌛:1,👼:1,📯:1,🇨🇱:1,😅:1,⚡:1,🥂:1,🚩:1,🙏:1,🥳:1,🔹:1,⚽:1,📚:1,🎨:1,➡️:1,💸:1,📓:1,🖊:1,👉:1,🎉:1,🎊:1,🌵:1,📝:1,©:1,🤦:1
fi	😂:9,🤣:4,🥰:4,😅:4,👍:3,🤩:3,💥:3,📸:3,🤔:3,✅:3,😭:2,🐈:2,😎:2,🧵:2,😬:2,😋:2,❤️:2,🔥:2,😊:2,😉:2,😃:2,🤍:2,😯:2,😁:2,❤:2,🤤:2,😍:2,🤲🏻:2,🔔:1,🤷:1,✊:1,🏠:1,🤴:1,☹️:1,😮‍💨:1,🍄:1,🧤:1,🌟:1,🫧:1,🪸:1,😔:1,👌:1,💕:1,🙄:1,©️:1,📍:1,♥️:1,🇮🇸:1,🥹:1,🤦‍♀️:1,😘:1,💙:1,🇬🇪:1,🔵:1,✍️:1,🔴:1,😧:1,👇🏼:1,🏃:1,🙇:1,🦍:1,✨:1,😮:1,👨🏾‍🦯:1,🙂:1,💎:1,🤢:1,😹:1,💪🏼:1,🧶:1,💪:1,☺️:1,🤷🏼‍♀️:1,❌:1,🤦‍♂️:1,🥂:1,🥺:1,🙏🏽:1,☠️:1,🌚:1,🍀:1,💸:1,📓:1,✏️:1,🐰:1,🤭:1,🦋:1,😟:1,💔:1,⭐:1,💗:1,🙌🏼:1,😖:1,🐭:1,👩‍❤️‍💋‍👩:1,💛:1,🙌:1,💜:1,🇫🇷:1,🇲🇽:1,🇳🇬:1,🇮🇹:1,🇦🇷:1,🇷🇴:1,🤝:1,🤟:1,💢:1,🤌:1,❎:1,🖤:1,🔊:1,😇:1
eu	🌷:33,😂:12,🔥:6,❤️:4,😭:3,😅:3,🦋:3,🔹:3,💥:2,➡:2,🥹:2,❣️:2,💜:2,👇:2,🤬:2,📍:2,🌸:2,✉:2,🙈:2,🤣:2,💀:2,📓:2,💛:1,🥳:1,🥵:1,👎🏻:1,🎍:1,😆:1,🦁:1,🚶🏻‍♂️:1,😯:1,😎:1,✨:1,🧚:1,🎫:1,🪁:1,📌:1,🆕:1,🐰:1,😊:1,🐒:1,⤵️:1,🫡:1,🎶:1,📬:1,👇🏼:1,🤤:1,🚶:1,😘:1,🇱🇦:1,👉:1,🗣:1,⚔️:1,😍:1,😁:1,🥺:1,❤:1,😃:1,🐙:1,🦊:1,🌪️:1,😉:1,🏹:1,😄:1,🙏:1,🧸:1,😑:1,🤞🏽:1,🎃:1,💸:1,✏️:1,🐣:1,📸:1,♥️:1
hu	😍:7,🔥:7,❤️:6,✨:6,😂:5,💯:4,😭:4,🥰:3,🤣:3,😏:3,💙:3,😘:3,🥲:2,🤡:2,🤤:2,💎:2,🦎:2,👑:2,⚡:2,🥵:2,🙏:2,🥺:2,💫:2,🤗:2,🎃:2,🇨🇱:1,🐿:1,🤭:1,🎬:1,😫:1,🤏:1,✅:1,🤧:1,🥴:1,😁:1,🇪🇺:1,🇭🇺:1,🛫:1,💓:1,🛬:1,🗿:1,💃🏽:1,👉:1,🌄:1,🥶:1,😻:1,😈:1,🍆:1,😄:1,🛐:1,☠️:1,😵‍💫:1,😛:1,🙌:1,🙄:1,🧐:1,‼️:1,🔞:1,😅:1,🌈:1,🕊️:1,😩:1,💔:1,🌤:1,🦅:1,🍀:1,💮:1,💦:1,🔨:1,💪:1,📸:1,🕊:1,🫂:1,⭐:1,🌙:1,🤍:1,🤲🏽:1,❤:1,🌻:1,🧸:1,🌊:1,🧳:1,🍊:1,🙃:1,😳:1,🫣:1,💗:1,🌹:1,💕:1,😌:1,👸🏾:1,🤞:1
da	🔥:6,❤️:5,📸:4,♂:3,😊:3,🚨:3,🤔:3,✌️:3,😂:3,🤣:3,😔:2,🕊️:2,😅:2,❤:2,🇮🇳:2,❓:2,😍:2,⚽:2,😭:2,😁:2,😎:2,🌟:2,📍:2,🙏:2,🤩:2,🙌:2,✨:2,😜:2,💪:1,⚫:1,⚔️:1,🔴:1,🎁:1,👌🏿:1,💬:1,🤍:1,🙏🏽:1,⚓:1,📌:1,🔨:1,♥:1,🚬:1,🤟:1,📻:1,📡:1,📺:1,😉:1,🖤:1,🔟:1,☺:1,♥️:1,🤞:1,⭐:1,👍:1,👀:1,✈️:1,🔊:1,😳:1,😩:1,😱:1,💪🏾:1,🙈:1,🌚:1,🥵:1,💥:1,🍷:1,🕊:1,☮️:1,🍀:1,🌊:1,🎶:1,💿:1,😡:1,🙄:1,🤷‍♂️:1,🦀:1,🔮:1,🐿:1,🤦🏼‍♀️:1,😈:1,🇫🇴:1,🇺🇦:1,🤡:1,♀:1,⚡:1,😯:1,🎤:1,👈:1,🤷🏼‍♂️:1,💎:1,🧿:1,🤲🏾:1,🤨:1,🎾:1,🙃:1,🦋:1,🫶🏻:1,🥂:1,🤓:1,🥳:1,🚫:1
no	❤️:7,🫢:5,🥺:4,🔥:4,😭:4,🍁:4,👀:3,🟩:3,🎥:3,⬛:3,📢:3,🇻🇪:3,😂:3,✨:3,🌊:3,💙:3,❄:3,🌙:2,📸:2,🥹:2,😳:2,💚:2,❤:2,🟥:2,🤣:2,😊:2,👑:2,😆:2,😬:2,💃🏻:2,🪩:2,🕺🏻:2,😍:2,😃:1,🇺🇦:1,🇳🇴:1,🫂:1,☹️:1,🥰:1,🟠:1,🐺:1,🤩:1,🇫🇮:1,🏰:1,🗡:1,💥:1,🐰:1,😺:1,😻:1,🚀:1,🟦:1,🌼:1,🍃:1,🍂:1,🧡:1,💛:1,👍:1,🌡️:1,👋:1,🤡:1,✂️:1,🫶🏼:1,🎁:1,♥️:1,🦇:1,😩:1,🧍‍♂️:1,🥵:1,🙈:1,💕:1,😎:1,🙌:1,🖤:1,🔗:1,💪🏻:1,🐝:1,🌹:1,💘:1,☀️:1,🤨:1
te	🔥:20,🙏:19,😍:9,🤣:6,👌🏻:6,✨:5,👮🏻‍♂️:5,❤️:5,💐:5,♥️:4,🙏🏻:4,💪:3,🌋:3,😭:2,🥵:2,🤩:2,🤙🏻:2,❤️‍🔥:2,🎂:2,💥:2,😂:2,🫀:1,🤦🏻‍♀️:1,❤:1,🤭:1,🥰:1,🙏🏼:1,😢:1,✊:1,💛:1,😜:1,🤦‍♂️:1,🙄:1,😈:1,💋:1,👇:1,😁:1,😆:1,🤙:1,🤷‍♂️:1,✊🏾:1,😳:1
lt	🐧:12,😂:9,🤣:8,❤️:7,✨:4,🔥:4,😭:3,📸:2,🎂:2,🌺:2,🛍:2,🙏:2,💀:2,👑:2,🔹:2,🇵🇱:2,😎:2,🥵:2,⚫:1,⚪:1,➡️:1,♥️:1,🚨:1,😋:1,😍:1,🌹:1,🇧🇷:1,💙:1,💯:1,💪:1,✊:1,🍂:1,👏🏽:1,🙏🏻:1,🌊:1,🥺:1,💥:1,🐶:1,😔:1,🕊:1,😁:1,🍀:1,🍾:1,👠:1,👋:1,🥂:1,👍:1,🙋‍♀️:1,🫂:1,🙈:1,👈:1,🕒:1,🥲:1,🔁:1,🎨:1,👉🏻:1,😛:1,🤤:1,👿:1,👙:1,😻:1,🟦:1,🟥:1,🟡:1,©:1,🥰:1,🐰:1,✅:1,🕯️:1
qst	‼️:6,🔥:4,😭:4,❤️:4,👀:3,😮‍💨:3,🥹:3,🤣:3,✨:3,👍:2,🥺:2,😔:2,🐐:2,🤦‍♂️:2,😂:2,♥️:2,❤️‍🔥:2,⚜️:2,✅:2,🌷:1,😃:1,🥂:1,🫡:1,😵:1,🍵:1,❔:1,🥰:1,🥶:1,🧎‍♀️:1,😶:1,💗:1,🤍:1,☺️:1,💜:1,😈:1,💕:1,⬆️:1,🥭:1,🖐:1,⁉️:1,😉:1,🌸:1,😁:1,🥲:1,❤:1,😡:1,🧵:1,💖:1,💔:1,🕊️:1,🤷‍♀️:1,💀:1,⚔️:1,⬇️:1,💵:1,🕊:1,🥳:1,🧍‍♂️:1,🧶:1,❤️‍🩹:1,🤩:1,😐:1,🚪:1,🏐:1,🎈:1,🆙:1,😅:1,✌:1,🥸:1,😪:1,🙌:1,😳:1,😞:1,🙂:1,🚂:1,🤦‍♀️:1,🌄:1
mr	🙏:14,🌺:11,🚩:9,🙏🏻:6,🌿:5,😂:4,🇮🇳:4,🤣:3,🌸:3,❤️:3,⚓:3,👆🏼:2,🌷:2,🤲🏿:1,❤:1,👉🏻:1,😄:1,😜:1,😮‍💨:1,🕉️:1,😥:1,💓:1,🥲:1,✔️:1,😉:1,🎇:1,🎆:1,✌️:1,💥:1,⛳:1,🌹:1,☘️:1,🕉:1,🔱:1,💗:1,📗:1,👉:1,🌀:1,👇:1,🥳:1,👏:1,🎊:1
am	🇪🇹:14,‼️:11,👇:6,🚨:5,💪:4,❤️:4,🇪🇷:3,🙏:3,💛:3,🤣:2,❤:2,🔥:2,💚:2,😂:2,😑:1,👊:1,🤬:1,✊:1,▪️:1,📣:1,🤔:1,‼:1,😀:1,🤲🏽:1,♥:1,✊🏼:1,👌:1,⚠️:1,🤐:1,🤫:1,💰:1,💲:1,🔫:1,🤺:1,🧡:1,🙏🏾:1,📶:1
kn	❤️:16,😂:6,🤗:6,💐:4,🤣:3,🙏🏻:3,😊:3,🌸:3,🎂:2,💯:2,🤙🏻:2,😜:2,🔥:2,🥲:2,😍:2,🙏:2,🌺:2,💛:1,👑:1,🌍:1,❤:1,💘:1,♥️:1,💕:1,⛳:1,🎥:1,🚩:1,🌿:1,💙:1,🦋:1,🤍:1,😡:1,😮:1,😕:1,🧘🏻‍♂️:1,🤩:1,😛:1,🤔:1,🌷:1,🌴:1
lv	🎣:5,❤️:3,❤:2,🔥:2,😭:2,😜:2,🇱🇻:2,😍:2,😂:2,💯:2,✌️:1,🥰:1,🥴:1,📍:1,😀:1,😄:1,😁:1,😳:1,😊:1,🔜:1,✅:1,👌:1,☺️:1,💜:1,😉:1,🤤:1,🇬🇧:1,🌧:1,🇷🇺:1,🥺:1,🇵🇰:1,💪🏼:1,🤗:1,👈:1,✨:1,🙃:1,🍺:1,🐻:1,😶:1,😇:1,🤔:1,😋:1,💕:1,🇺🇸:1
gu	🎨:11,🤣:8,😂:7,🤔:4,🙏:3,😝:3,📱:2,✅:1,😜:1,👍:1,🙏🏻:1,😐:1,😑:1,❗:1,😄:1,🖋️:1,🙄:1,😁:1,🐃:1,🚰:1,🔴:1,😛:1,🙈:1,👉:1,🧚:1,❣️:1
sl	😂:4,😭:4,🤣:3,💜:2,😍:2,🤯:2,🌟:1,😇:1,🤪:1,🐕:1,😮‍💨:1,🚶🏾‍♂️:1,🥴:1,🫠:1,⛹🏻‍♀️:1,🏊🏿:1,👑:1,🔹:1,🔍:1,🧐:1,👏:1,👐:1,🙌:1,📷:1,🤦‍♂️:1,🤮:1,😉:1,🤔:1,🤭:1,💞:1,💘:1,💖:1,💗:1,💌:1,🫶🏼:1,😁:1,🎀:1,☠️:1,💉:1
iw	🇮🇱:5,💙:3,🇸🇦:3,🤣:3,😅:2,❤️:2,🤔:2,😏:1,🏆:1,🥇:1,😬:1,🤷‍♀️:1,🌺:1,🤗:1,😂:1,🙉:1,🤠:1,🐶:1,🐾:1,🏀:1,🤦🏻‍♂️:1,🤦🏽‍♀️:1,🔴:1,👆🏼:1,😎:1,◀:1,▶:1,😉:1,🙏:1,❤:1,🤦‍♂️:1,🤭:1,📷:1,🥹:1
sr	😂:8,❤️:3,🇷🇸:2,😎:2,😁:2,😉:2,🔸:2,🇷🇺:2,🙂:1,💪:1,🚩:1,🤭:1,😅:1,🤗:1,👌:1,☦️:1,👍:1,🙅‍♀️:1,👾:1,☝️:1,🔥:1,❗:1,☺️:1,🙄:1,🏀:1
ne	😂:7,🙏:6,😁:3,⛳:3,😉:2,🤣:2,😀:2,❣️:1,🤗:1,😊:1,😍:1,😌:1,😶:1,➡️:1,😏:1,😹:1,😳:1,❤️:1,👍:1,🙋🏻‍♀️:1,🤫:1
is	🤣:4,🔥:2,🥹:2,☹️:1,♥️:1,‼️:1,😳:1,🤭:1,👆:1,😂:1,🙏:1,💛:1,🥺:1,🇹🇷:1,🎨:1,🌟:1,🤤:1,👇:1,🙋🏽‍♂️:1,🦊:1,🤯:1,😭:1,🍀:1,🤍:1,🚀:1,🤔:1,🥳:1,👌:1,🫡:1,💕:1,📚:1,✏️:1,🙌:1,😄:1
ps	😭:9,💔:2,😢:2,😨:1,💖:1,❤️:1,♥️:1,🥀:1,💓:1,😥:1,🌱:1,🥰:1,🤗:1,💪:1,✌:1,👇:1,🤦🏻‍♂️:1,😜:1,👌:1,🌺:1,🌸:1,😰:1,✋🏻:1,🙂:1,🙏:1,🤧:1,😩:1,🕊:1
bn	✨:12,😍:2,🚩:2,⚡:1,🥺:1,🙏🏽:1,🌹:1,💯:1,👅:1,😘:1,❤️:1,❓:1,💃:1,✊:1,💪:1,👍:1,🏏:1,💕:1,‼️:1,👜:1,😏:1,🤯:1,😡:1,😁:1
or	🙏:5,🌸:2,🚩:2,🙏🏻:2,😁:1,🤭:1,🔔:1,🎂:1,🌎:1,🍰:1,🍨:1,🐢:1,🍪:1,💥:1,🇮🇳:1,🍫:1,✔️:1
bg	🔸:7,🔶:3,🔷:3,🇵🇱:1,🥲:1,❤️:1,🙇🏻:1,🤡:1,😜:1,🎶:1,🍻:1,👽:1,🔗:1
ml	🔥:2,💥:2,👊:2,🙏🏻:2,🤷🏻‍♂️:1,💕:1,😍:1,💛:1,✍🏽:1,🤷:1,😏:1,😒:1,🚶‍♂️:1,🥺:1,😜:1,🤯:1,😌:1,🤦🏻‍♂️:1
ckb	🤌:2,😂:2,💔:2,🫠:1,🥷🏻:1,😏:1,⚡:1,😍:1,😭:1,🐰:1,🫶🏻:1,🎥:1,🥺:1,😢:1,◀️:1,😁:1,😥:1,🤲🏻:1
zxx	🧿:4,❤:4,🙂:4,❤️:2,💙:2,🫀:1,🔥:1,💗:1
my	😁:2,😉:1,😋:1,☺️:1,😍:1,🤪:1,🤣:1,🥱:1
pa	😝:1,🤭:1,🥰:1,🙄:1,👏🏻:1,😪:1,👖:1,😕:1,😂:1
si	😭:1,😢:1,😌:1,😒:1,🖤:1,✨:1
sd	🏳:1,❤️:1,😄:1,🤣:1,🥳:1,🤍:1
hy	🥰:2,🔥:1,🪕:1,📸:1
dv	👇:5
km	🌻:2,🇰🇭:2
qme	🙏:1,🤍:1
